id,Activity Title,Rating,Link,City,Activity Type,Price Before,Price After,city_id,Price Range
7000,"Sharm El-Sheikh: Ultimate ATV Quad, Stargazing & BBQ Dinner",4.8,https://www.getyourguide.com/sharm-el-sheikh-l408/sharm-el-sheikh-ultimate-atv-quad-stargazing-bbq-dinner-t437576/?ranking_uuid=9a2fff25-ac91-480d-89b0-906e2bbe08b2,Sharm El Sheikh,Safari,2001,1000,2,Mid Range
7001,Hurghada: Desert Quad Bike Camel Ride with Optional GoPro,4.5,https://www.getyourguide.com/hurghada-l403/hurghada-desert-quad-bike-camel-ride-with-optional-gopro-t12012/?ranking_uuid=9a2fff25-ac91-480d-89b0-906e2bbe08b2,Hurghada,Safari,886,443,3,Economic
7002,Giza Sunrise Pyramid Guided Tour With Camel Ride & Breakfast,4.8,https://www.getyourguide.com/cairo-l92/giza-sunrise-pyramids-and-sphinx-tour-with-camel-ride-t761664/?ranking_uuid=9a2fff25-ac91-480d-89b0-906e2bbe08b2,Giza,Safari,2046,1023,0,Mid Range
7003,"Hurghada: VIP Quad, Sea, Camel, Safari, Stargazing & Dinner",4.3,https://www.getyourguide.com/hurghada-l403/hurghada-vip-quad-camel-bedouin-safari-with-sea-adventure-t558720/?ranking_uuid=9a2fff25-ac91-480d-89b0-906e2bbe08b2,Hurghada,Safari,545,327,3,Economic
7004,"Hurghada: Sunset Quad Bike, Camel w/ Opt Stargazing and BBQ",4.4,https://www.getyourguide.com/hurghada-l403/sunset-desert-safari-trip-by-quad-runner-from-hurghada-t12115/?ranking_uuid=9a2fff25-ac91-480d-89b0-906e2bbe08b2,Hurghada,Safari,852,511,3,Mid Range
7005,Hurghada: Star Stargazing Desert Adventure by Jeep & Dinner,4.8,https://www.getyourguide.com/hurghada-l403/hurghada-stargazing-and-farm-tour-with-dinner-and-transfers-t633602/?ranking_uuid=9a2fff25-ac91-480d-89b0-906e2bbe08b2,Hurghada,Safari,2115,2115,3,Mid Range
7006,Sharm ElSheikh: ATV Quad & Buggy Adventure Sunrise or Sunset,4.7,https://www.getyourguide.com/sharm-el-sheikh-l408/sharm-elsheikh-atv-quad-buggy-adventure-sunrise-or-sunset-t596633/?ranking_uuid=9a2fff25-ac91-480d-89b0-906e2bbe08b2,Sharm El Sheikh,Safari,1143,720,2,Mid Range
7007,Hurghada: Desert Quad Bike and Buggy Adventure with Transfer,4.2,https://www.getyourguide.com/hurghada-l403/hurghada-desert-quad-bike-and-buggy-adventure-with-transfer-t22274/?ranking_uuid=9a2fff25-ac91-480d-89b0-906e2bbe08b2,Hurghada,Safari,1315,1315,3,Mid Range
7008,Pyramids of Giza: 1-Hour Quad Bike Desert Safari,4.4,https://www.getyourguide.com/pyramids-of-giza-l4184/cairo-desert-safari-by-quad-bike-around-giza-pyramids-t53146/?ranking_uuid=9a2fff25-ac91-480d-89b0-906e2bbe08b2,Giza,Safari,1580,1264,0,Mid Range
7009,"Hurghada: Quad Bike, Buggy, and Camel Ride & Bedouin Village",4.8,https://www.getyourguide.com/hurghada-l403/hurghada-quad-bike-buggy-and-camel-ride-with-bedouin--t637140/?ranking_uuid=9a2fff25-ac91-480d-89b0-906e2bbe08b2,Hurghada,Safari,1543,1543,3,Mid Range
7010,Hurghada: Quad Bike Tour of the Desert and Red Sea,4.5,https://www.getyourguide.com/hurghada-l403/hurghada-sunset-2h-quad-bike-sea-desert-t539481/?ranking_uuid=9a2fff25-ac91-480d-89b0-906e2bbe08b2,Hurghada,Safari,818,491,3,Economic
7011,"From Cairo: Desert Safari, Camel Ride, Magic Lake, & Lunch",4.9,https://www.getyourguide.com/cairo-l92/from-cairo-desert-safari-camel-ride-magic-lake-lunch-t362905/?ranking_uuid=9a2fff25-ac91-480d-89b0-906e2bbe08b2,Cairo,Safari,6847,6162,1,Luxury
7012,Cairo: 2-Day Bahariya Oasis Camp and Desert Tour,4.9,https://www.getyourguide.com/cairo-l92/cairo-2-day-bahariya-oasis-camp-and-desert-tour-t215748/?ranking_uuid=9a2fff25-ac91-480d-89b0-906e2bbe08b2,Cairo,Safari,10481,10481,1,Luxury
7013,"Cairo: Pyramids, Camel Ride, Shopping Tour with ATV Option",5,https://www.getyourguide.com/cairo-l92/cairo-pyramids-camel-ride-shopping-tour-with-atv-option-t473806/?ranking_uuid=9a2fff25-ac91-480d-89b0-906e2bbe08b2,Cairo,Safari,1158,927,1,Mid Range
7014,Cairo: Bahariya Oasis & White Desert A Private Day Adventure,4.6,https://www.getyourguide.com/cairo-l92/cairo-desert-and-bahariya-oasis-day-trip-with-lunch-t306018/?ranking_uuid=9a2fff25-ac91-480d-89b0-906e2bbe08b2,Cairo,Safari,9375,9375,1,Luxury
7015,"Hurghada: Jeep Safari with Camel Ride, Dinner and Show",4.5,https://www.getyourguide.com/hurghada-l403/hurghada-jeep-safari-with-camel-ride-dinner-and-show-t656698/?ranking_uuid=9a2fff25-ac91-480d-89b0-906e2bbe08b2,Hurghada,Safari,1543,1543,3,Mid Range
7016,From Hurghada: Makadi Bay ATV Tour,4.8,https://www.getyourguide.com/makadi-bay-l4675/from-hurghada-makadi-bay-atv-tour-t410749/?ranking_uuid=2000c7df-1907-4ca2-b4c7-5d882eddf164,Hurghada,Safari,1142,1142,3,Mid Range
7017,Hurghada: Quad and Buggy Safari with Dinner and Show,4.7,https://www.getyourguide.com/hurghada-l403/hurghada-quad-and-buggy-safari-with-dinner-and-show-t637454/?ranking_uuid=2000c7df-1907-4ca2-b4c7-5d882eddf164,Hurghada,Safari,1315,1315,3,Mid Range
7018,"Hurghada: Sea & Desert Camel Ride w/Dinner, Show, Stargazing",4.3,https://www.getyourguide.com/hurghada-l403/camel-ride-hurghada-tour-t223572/?ranking_uuid=2000c7df-1907-4ca2-b4c7-5d882eddf164,Hurghada,Safari,2046,1023,3,Mid Range
7019,"Hurghada: ATV Tour with Camel Ride, Dinner Show & Stargazing",4.2,https://www.getyourguide.com/hurghada-l403/fast-ride-quad-tour-in-hurghada-desert-t429914/?ranking_uuid=2000c7df-1907-4ca2-b4c7-5d882eddf164,Hurghada,Safari,1910,1146,3,Mid Range
7020,"Sharm El Sheikh: Quad bike, Safari, Camel With Dinner & Show",3.8,https://www.getyourguide.com/sharm-el-sheikh-l408/sharm-el-sheikh-quad-bike-safari-camel-with-dinner-show-t572018/?ranking_uuid=2000c7df-1907-4ca2-b4c7-5d882eddf164,Sharm El Sheikh,Safari,1023,869,2,Mid Range
7021,"Hurghada: Safari Jeep, Quad, Buggy, Camel Ride & BBQ Dinner",4.2,https://www.getyourguide.com/hurghada-l403/hurghada-5-in-1-safari-jeepquadbuggycameldinner-show-t473778/?ranking_uuid=2000c7df-1907-4ca2-b4c7-5d882eddf164,Hurghada,Safari,2014,1652,3,Mid Range
7022,Sharm El-Sheikh: Desert Buggy Safari Adventure,4.8,https://www.getyourguide.com/sharm-el-sheikh-l408/sharm-el-sheikh-desert-buggy-safari-adventure-t515712/?ranking_uuid=2000c7df-1907-4ca2-b4c7-5d882eddf164,Sharm El Sheikh,Safari,1429,714,2,Mid Range
7023,Hurghada: Arabian Desert and Sea Horseback Adventure,4.6,https://www.getyourguide.com/hurghada-l403/hurghada-arabian-desert-and-sea-horseback-adventure-t521018/?ranking_uuid=2000c7df-1907-4ca2-b4c7-5d882eddf164,Hurghada,Safari,1159,579,3,Mid Range
7024,Cairo: 2-Day Bahariya & White Desert Private Camp Adventure,4.7,https://www.getyourguide.com/cairo-l92/cairo-2-day-bahariya-white-desert-private-camp-adventure-t444057/?ranking_uuid=2000c7df-1907-4ca2-b4c7-5d882eddf164,Cairo,Safari,10428,10428,1,Luxury
7025,Sharm El-Sheikh: Morning Desert ATV Quad & Buggy Adventure,5,https://www.getyourguide.com/sharm-el-sheikh-l408/sharm-el-sheikh-morning-desert-atv-quad-buggy-adventure-t437602/?ranking_uuid=2000c7df-1907-4ca2-b4c7-5d882eddf164,Sharm El Sheikh,Safari,1143,571,2,Mid Range
7026,Cairo: Pyramids Quad Bike Adventure & Optional Camel Ride,4.5,https://www.getyourguide.com/cairo-l92/cairo-quad-camel-ride-combo-tour-around-the-pyramids-t303558/?ranking_uuid=2000c7df-1907-4ca2-b4c7-5d882eddf164,Cairo,Safari,2896,2896,1,Mid Range
7027,Luxor: Quad Bike Safari Experience,4.4,https://www.getyourguide.com/luxor-l109/luxor-private-quad-bike-safari-experience-t409115/?ranking_uuid=2000c7df-1907-4ca2-b4c7-5d882eddf164,Luxor,Safari,2633,2633,18,Mid Range
7028,Sharm El Shiekh: Beach and City Desert Horse Riding Tour,4.6,https://www.getyourguide.com/sharm-el-sheikh-l408/sharm-el-shiekh-beach-and-city-desert-horse-riding-tour-t434016/?ranking_uuid=2000c7df-1907-4ca2-b4c7-5d882eddf164,Sharm El Sheikh,Safari,4092,4092,2,Luxury
7029,Hurghada: Sunset Desert Safari by Dune Buggy,4,https://www.getyourguide.com/hurghada-l403/hurghada-dune-buggy-desert-safari-t97683/?ranking_uuid=2000c7df-1907-4ca2-b4c7-5d882eddf164,Hurghada,Safari,8185,4911,3,Luxury
7030,Cairo: Giza Pyramids Tour with Quad Bike Safari & Camel Ride,4.7,https://www.getyourguide.com/cairo-l92/cairo-giza-pyramids-tour-with-quad-bike-safari-camel-ride-t349046/?ranking_uuid=2000c7df-1907-4ca2-b4c7-5d882eddf164,Giza,Safari,4213,3370,0,Luxury
7031,"Hurghada: ATV Safari, Camel Ride, and Bedouin Village Tour",4.2,https://www.getyourguide.com/hurghada-l403/hurghada-quad-bike-top-offer-t429915/?ranking_uuid=887a5423-e0fc-4bd7-9745-96a3533f80bd,Hurghada,Safari,886,532,3,Mid Range
7032,"Hurghada: Morning Quad Bike Tour, Camel Ride and Transfer",4.4,https://www.getyourguide.com/hurghada-l403/hurghada-morning-quad-bike-tour-camel-ride-and-transfer-t429901/?ranking_uuid=887a5423-e0fc-4bd7-9745-96a3533f80bd,Hurghada,Safari,818,491,3,Economic
7033,"Sharm El-Sheikh: Camel Riding, Stargazing, BBQ Dinner & Show",4.5,https://www.getyourguide.com/sharm-el-sheikh-l408/sharm-el-sheikh-camel-riding-stargazing-bbq-dinner-show-t437716/?ranking_uuid=887a5423-e0fc-4bd7-9745-96a3533f80bd,Sharm El Sheikh,Safari,2344,1172,2,Mid Range
7034,"Hurghada: Quad Bike, Buggy, Jeep Safari, Camel Ride & Dinner",4.7,https://www.getyourguide.com/sharm-el-sheikh-l408/hurghada-quad-bike-buggy-and-jeep-safari-with-dinner-and-t634459/?ranking_uuid=887a5423-e0fc-4bd7-9745-96a3533f80bd,Hurghada,Safari,1829,1829,3,Mid Range
7035,Makadi Bay: BADU Luxury Bedouin Dinner Experience & Stargaze,5,https://www.getyourguide.com/hurghada-l403/makadi-bay-badu-luxury-bedouin-dinner-experience-stargaze-t924471/?ranking_uuid=887a5423-e0fc-4bd7-9745-96a3533f80bd,Luxor,Safari,2106,1896,18,Mid Range
7036,From Cairo: 3-Day Siwa Oasis Tour with Salt Lake Swim,5,https://www.getyourguide.com/cairo-l92/from-cairo-3-day-siwa-oasis-tour-with-salt-lake-swim-t847823/?ranking_uuid=887a5423-e0fc-4bd7-9745-96a3533f80bd,Cairo,Safari,17275,15547,1,Luxury
7037,Quad Biking Tour in Sharm El Sheikh Desert,4.1,https://www.getyourguide.com/sharm-el-sheikh-l408/quad-biking-tour-in-sharm-el-sheikh-desert-t569383/?ranking_uuid=887a5423-e0fc-4bd7-9745-96a3533f80bd,Sharm El Sheikh,Safari,948,948,2,Mid Range
7038,From Hurghada: Makadi Bay Horse Riding Tour,4.6,https://www.getyourguide.com/makadi-bay-l4675/makadi-bay-horse-ride-tour-t517867/?ranking_uuid=887a5423-e0fc-4bd7-9745-96a3533f80bd,Hurghada,Safari,2148,1074,3,Mid Range
7039,Cairo: Private Half-Day Pyramids Tour with Photographer,4.8,https://www.getyourguide.com/pyramids-of-giza-l4184/cairo-romantic-half-day-pyramids-tour-with-photographer-t324733/?ranking_uuid=887a5423-e0fc-4bd7-9745-96a3533f80bd,Cairo,Safari,3173,3173,1,Luxury
7040,"Hurghada: ATV Quad Safari, Camel Ride & Bedouin Village Tour",4.3,https://www.getyourguide.com/hurghada-l403/hurghada-atv-quad-safari-camel-ride-bedouin-village-tour-t96546/?ranking_uuid=887a5423-e0fc-4bd7-9745-96a3533f80bd,Hurghada,Safari,1286,900,3,Mid Range
7041,Hurghada : ATV drive and visit SAND MOUNTAIN,4.9,https://www.getyourguide.com/hurghada-l403/hurghada-bedouin-village-and-camel-ride-quad-bike-tour-t634400/?ranking_uuid=887a5423-e0fc-4bd7-9745-96a3533f80bd,Hurghada,Safari,1943,1943,3,Mid Range
7042,Hurghada : 1-Hour Dolphin Show at Dolphin World,4.4,https://www.getyourguide.com/hurghada-l403/hurghada-1-hour-dolphin-show-at-dolphin-world-t612422/?ranking_uuid=887a5423-e0fc-4bd7-9745-96a3533f80bd,Hurghada,Safari,1257,1006,3,Mid Range
7043,Hurghada: Sea and Mountains Quad or Buggy Family Tour,4.2,https://www.getyourguide.com/hurghada-l403/hurghada-sunrise-or-sunset-quad-and-buggy-desert-tour-t361285/?ranking_uuid=887a5423-e0fc-4bd7-9745-96a3533f80bd,Hurghada,Safari,1346,1346,3,Mid Range
7044,"Hurghada: Full-Day Quad & Camel Ride, Stargazing, & Dinner",4.2,https://www.getyourguide.com/hurghada-l403/quad-bike-safari-day-trip-to-sahara-park-hurghada-t29397/?ranking_uuid=887a5423-e0fc-4bd7-9745-96a3533f80bd,Hurghada,Safari,818,491,3,Economic
7045,From Cairo: Bahariya Oasis and Black and White Desert Tour,4.4,https://www.getyourguide.com/cairo-l92/day-tour-of-bahariya-oasis-and-black-white-desert-t455820/?ranking_uuid=887a5423-e0fc-4bd7-9745-96a3533f80bd,Cairo,Safari,10328,10328,1,Luxury
7046,"Hurghada: Safari Jeep , Camel Ride & BBQ Dinner",4.1,https://www.getyourguide.com/hurghada-l403/hurghada-safari-jeep-camel-ride-bbq-dinner-t605905/?ranking_uuid=4d317c28-c162-40ff-b494-235ea6f98845,Hurghada,Safari,1422,1166,3,Mid Range
7047,Hurghada: 3 Hour Camel Riding with Bedouin vibe,4.9,https://www.getyourguide.com/hurghada-l403/hurghada-3-hour-camel-riding-with-bedouin-vibe-t654616/?ranking_uuid=4d317c28-c162-40ff-b494-235ea6f98845,Hurghada,Safari,2001,1700,3,Mid Range
7048,"Hurghada: Quad, Jeep, Camel and Buggy Safari with BBQ Dinner",4.3,https://www.getyourguide.com/hurghada-l403/hurghada-quad-jeep-camel-and-buggy-safari-with-bbq-dinner-t22269/?ranking_uuid=4d317c28-c162-40ff-b494-235ea6f98845,Hurghada,Safari,1715,1200,3,Mid Range
7049,Sharm El Sheikh: ATV Dunes & Waves Adventure with Lunch,4.5,https://www.getyourguide.com/sharm-el-sheikh-l408/sharm-el-sheikh-atv-dunes-waves-adventure-with-lunch-t575994/?ranking_uuid=4d317c28-c162-40ff-b494-235ea6f98845,Sharm El Sheikh,Safari,2515,1534,2,Mid Range
7050,Luxor: Luxor West Bank Quad Bike Adventure in the Desert,5,https://www.getyourguide.com/luxor-l109/luxor-quad-bike-safari-at-luxor-from-the-west-bank-t446187/?ranking_uuid=4d317c28-c162-40ff-b494-235ea6f98845,Luxor,Safari,3476,3476,18,Luxury
7051,Cairo: Half Day Pyramids Tour by Camel or Horse Carriage,4.8,https://www.getyourguide.com/sphinx-l8476/cairo-half-day-pyramids-tour-by-camel-or-horse-carriage-t285412/?ranking_uuid=4d317c28-c162-40ff-b494-235ea6f98845,Cairo,Safari,2120,2120,1,Mid Range
7052,"Hurghada: Desert Quad, Bedouin Village, and Camel Ride Tour",4.4,https://www.getyourguide.com/hurghada-l403/hurghada-desert-quad-bedouin-village-and-camel-ride-tour-t456931/?ranking_uuid=4d317c28-c162-40ff-b494-235ea6f98845,Hurghada,Safari,1237,928,3,Mid Range
7053,From Hurghada: Red Sea Sunrise and Desert Horseback Riding,4.5,https://www.getyourguide.com/hurghada-l403/hurghada-morning-sea-desert-horse-riding-tour-t517896/?ranking_uuid=4d317c28-c162-40ff-b494-235ea6f98845,Hurghada,Safari,1159,579,3,Mid Range
7054,Cairo: Private Quad Bike Desert Tour with Pyramids & Sunset,4.2,https://www.getyourguide.com/cairo-l92/desert-safari-by-quad-bike-around-pyramids-enjoying-sunset-o-t443220/?ranking_uuid=4d317c28-c162-40ff-b494-235ea6f98845,Cairo,Safari,2896,2896,1,Mid Range
7055,"Cairo: Pyramids Camel Ride, Dinner and Sound & Light Show",4.2,https://www.getyourguide.com/cairo-l92/camel-ride-at-the-pyramids-dinner-with-sound-light-show-t448313/?ranking_uuid=4d317c28-c162-40ff-b494-235ea6f98845,Cairo,Safari,5582,5582,1,Luxury
7056,Cairo: Camel Ride Around The Pyramids with Hotel Pickup,4.1,https://www.getyourguide.com/giza-l915/cairo-camel-ride-around-the-pyramids-with-hotel-pickup-t520699/?ranking_uuid=4d317c28-c162-40ff-b494-235ea6f98845,Cairo,Safari,2046,1330,1,Mid Range
7057,"Hurghada: Unique Bedouin Craft, Handmade and Star Watching",4.6,https://www.getyourguide.com/hurghada-l403/hurghada-unique-bedouin-craft-handmade-and-star-watching-t598778/?ranking_uuid=4d317c28-c162-40ff-b494-235ea6f98845,Hurghada,Safari,2286,1829,3,Mid Range
7058,Marsa Alam: Sea and Desert Camel Riding Tour,4.5,https://www.getyourguide.com/marsa-alam-l422/marsa-alam-sea-and-desert-camel-riding-tour-t568860/?ranking_uuid=4d317c28-c162-40ff-b494-235ea6f98845,Marsa Alam,Safari,4775,2387,9,Mid Range
7059,"From Cairo: 3- Days El-Alamin, Siwa Oasis & Desert Safari",5,https://www.getyourguide.com/cairo-l92/copy-of-from-cairo-3-day-siwa-oasis-and-western-desert-private-trip-t586775/?ranking_uuid=4d317c28-c162-40ff-b494-235ea6f98845,Cairo,Safari,33128,33128,1,Luxury
7060,Hurghada: Desert and Sea Horseback Riding Tour with Transfer,4.8,https://www.getyourguide.com/hurghada-l403/hurghada-two-hours-sun-sea-horse-riding-with-transfers-t551542/?ranking_uuid=4d317c28-c162-40ff-b494-235ea6f98845,Hurghada,Safari,2633,2633,3,Mid Range
7061,Cairo: Bahariya Oasis and White Desert 3-Day Private Journey,4.4,https://www.getyourguide.com/cairo-l92/cairo-bahariya-oasis-and-white-desert-3-day-private-journey-t444204/?ranking_uuid=12817384-4a70-4f6a-9ea8-67e0e7f54e76,Cairo,Safari,13114,13114,1,Luxury
7062,Cairo: Giza Pyramids Tour with Camel Ride and Tickets,4.5,https://www.getyourguide.com/cairo-l92/cairo-giza-pyramids-with-camel-ride-include-tickets-t462358/?ranking_uuid=12817384-4a70-4f6a-9ea8-67e0e7f54e76,Giza,Safari,2633,2633,0,Mid Range
7063,From Hurghada: El Gouna Quad and MX Bike Safari Tour,4.4,https://www.getyourguide.com/hurghada-l403/from-hurghada-el-gouna-quad-and-mx-bike-tour-t302743/?ranking_uuid=12817384-4a70-4f6a-9ea8-67e0e7f54e76,Hurghada,Safari,5145,5145,3,Luxury
7064,"Hurghada: Safari Jeep, Buggy, Camel, Quad, Bedouin Dinner",4.3,https://www.getyourguide.com/hurghada-l403/hurghada-safari-jeep-buggy-camel-quad-bedouin-dinner-t540592/?ranking_uuid=12817384-4a70-4f6a-9ea8-67e0e7f54e76,Hurghada,Safari,2046,1534,3,Mid Range
7065,Sharm El Sheikh Camel Riding Safari Tour,3.6,https://www.getyourguide.com/sharm-el-sheikh-l408/sharm-el-sheikh-camel-riding-safari-tour-t429881/?ranking_uuid=12817384-4a70-4f6a-9ea8-67e0e7f54e76,Sharm El Sheikh,Safari,1422,1422,2,Mid Range
7066,"Hurghada: 6-Hour Jeep Desert Safari, Dinner, and Show",4.3,https://www.getyourguide.com/hurghada-l403/4wd-desert-safari-bedouin-dinner-sahara-park-hurghada-t21131/?ranking_uuid=12817384-4a70-4f6a-9ea8-67e0e7f54e76,Hurghada,Safari,2046,1534,3,Mid Range
7067,Cairo: Oriental Breakfast (Fatir)or Lunch in arabian village,4.6,https://www.getyourguide.com/cairo-l92/cairo-oriental-breakfast-fatiror-lunch-in-arabian-village-t767757/?ranking_uuid=12817384-4a70-4f6a-9ea8-67e0e7f54e76,Cairo,Safari,5717,5717,1,Luxury
7068,El Gouna: Morning Quad Bike & Camel Safari,3.8,https://www.getyourguide.com/el-gouna-l1051/el-gouna-morning-quad-bike-safari-t512701/?ranking_uuid=12817384-4a70-4f6a-9ea8-67e0e7f54e76,El Gouna,Safari,1841,1381,10,Mid Range
7069,"Hurghada: Private ATV Safari, Bedouin Village, & Camel Ride",4,https://www.getyourguide.com/hurghada-l403/hurghada-private-atv-safari-bedouin-village-camel-ride-t429956/?ranking_uuid=12817384-4a70-4f6a-9ea8-67e0e7f54e76,Hurghada,Safari,1705,1023,3,Mid Range
7070,1-Hour Camel Ride At Giza Pyramids,4.5,https://www.getyourguide.com/giza-l915/1-hour-camel-ride-at-giza-pyramids-t600778/?ranking_uuid=12817384-4a70-4f6a-9ea8-67e0e7f54e76,Giza,Safari,1580,1580,0,Mid Range
7071,Marsa Alam: 2-Hour Quad Bike Tour,4.4,https://www.getyourguide.com/marsa-alam-l422/marsa-alam-2-hour-quad-bike-tour-t832309/?ranking_uuid=12817384-4a70-4f6a-9ea8-67e0e7f54e76,Marsa Alam,Safari,6821,6821,9,Luxury
7072,Dahab Safari from Sharm El-Sheikh: Canyon Salama & Blue Hole,4.5,https://www.getyourguide.com/sharm-el-sheikh-l408/dahab-safari-from-sharm-el-sheikh-canyon-salama-blue-hole-t447708/?ranking_uuid=12817384-4a70-4f6a-9ea8-67e0e7f54e76,Dahab,Safari,3686,3686,11,Luxury
7073,Hurghada: Sea and Mountains ATV Quad Bike Tour,4.6,https://www.getyourguide.com/hurghada-l403/hurghada-sea-and-mountains-atv-quad-bike-tour-t777523/?ranking_uuid=12817384-4a70-4f6a-9ea8-67e0e7f54e76,Hurghada,Safari,1257,1257,3,Mid Range
7074,30 Minute Camel Ride At Giza Pyramids,3.5,https://www.getyourguide.com/giza-l915/30-minute-camel-ride-at-giza-pyramids-t600771/?ranking_uuid=12817384-4a70-4f6a-9ea8-67e0e7f54e76,Giza,Safari,526,526,0,Mid Range
7075,Explore Fayoum!,4.9,https://www.getyourguide.com/cairo-l92/explore-fayoum-t856617/?ranking_uuid=12817384-4a70-4f6a-9ea8-67e0e7f54e76,Fayoum,Safari,1316,1316,6,Mid Range
7076,3 Days 2 Nights Visit White Desert & Bahariya From Cairo,5,https://www.getyourguide.com/giza-l915/3-days-2-nights-visit-white-desert-bahariya-from-cairo-t599289/?ranking_uuid=2e2e65eb-9899-48f7-a8d9-f9ae8a7c6d14,Cairo,Safari,9558,9558,1,Luxury
7077,"Cairo: Giza Pyramids, Egyptian Museum Day-Trip, Camel, Lunch",4.6,https://www.getyourguide.com/cairo-l92/cairo-giza-pyramids-egyptian-museum-day-trip-camel-lunch-t489559/?ranking_uuid=2e2e65eb-9899-48f7-a8d9-f9ae8a7c6d14,Giza,Safari,18580,18580,0,Luxury
7078,Bahariya Oasis Visit Black And White Desert From Cairo,4.8,https://www.getyourguide.com/cairo-l92/bahariya-oasis-visit-black-and-white-desert-from-airport-t638544/?ranking_uuid=2e2e65eb-9899-48f7-a8d9-f9ae8a7c6d14,Cairo,Safari,3430,3430,1,Luxury
7079,Cairo: Siwa Oasis & Shali Fortress All inclusive 3 days Tour,4.6,https://www.getyourguide.com/cairo-l92/cairo-siwa-oasis-shali-fortress-all-inclusive-3-days-tour-t767749/?ranking_uuid=2e2e65eb-9899-48f7-a8d9-f9ae8a7c6d14,Cairo,Safari,2229,2229,1,Mid Range
7080,Hurghada: Quad Bike and Camel Ride with Dinner and Show,4.8,https://www.getyourguide.com/hurghada-l403/hurghada-quad-bike-and-camel-ride-with-dinner-and-show-t635215/?ranking_uuid=2e2e65eb-9899-48f7-a8d9-f9ae8a7c6d14,Hurghada,Safari,5319,5319,3,Luxury
7081,Cairo: Private Tour to Giza Pyramids with Camel Ride & Lunch,3.6,https://www.getyourguide.com/cairo-l92/cairo-private-half-day-to-the-giza-pyramids-t465100/?ranking_uuid=2e2e65eb-9899-48f7-a8d9-f9ae8a7c6d14,Giza,Safari,1023,665,0,Mid Range
7082,From Cairo: Giza Pyramids Tour by Camel,5,https://www.getyourguide.com/cairo-l92/from-cairo-giza-pyramids-tour-by-camel-t443246/?ranking_uuid=2e2e65eb-9899-48f7-a8d9-f9ae8a7c6d14,Giza,Safari,44030,44030,0,Luxury
7083,Giza: Pyramids at Sunset Guided Camel Tour,4.2,https://www.getyourguide.com/giza-l915/giza-pyramids-at-sunset-guided-camel-tour-t430035/?ranking_uuid=2e2e65eb-9899-48f7-a8d9-f9ae8a7c6d14,Giza,Safari,3739,3739,0,Luxury
7084,From Cairo: 5-Day Siwa Oasis Private Trip with Accommodation,4.3,https://www.getyourguide.com/cairo-l92/from-cairo-5-day-siwa-oasis-private-trip-with-accommodation-t455658/?ranking_uuid=2e2e65eb-9899-48f7-a8d9-f9ae8a7c6d14,Cairo,Safari,4745,4745,1,Luxury
7085,Luxor: Quad Bike Private Safari on the Nile West Bank,4.7,https://www.getyourguide.com/luxor-l109/luxor-quad-bike-safari-at-luxor-from-east-bank-t445730/?ranking_uuid=2e2e65eb-9899-48f7-a8d9-f9ae8a7c6d14,Luxor,Safari,24806,24806,18,Luxury
7086,Marsa Alam: Desert Stargazing Tour with Camel Ride & Dinner,5,https://www.getyourguide.com/marsa-alam-l422/marsa-alam-desert-star-watching-with-camel-dinner-t444061/?ranking_uuid=2e2e65eb-9899-48f7-a8d9-f9ae8a7c6d14,Marsa Alam,Safari,33128,33128,9,Luxury
7087,Cairo: 4-Day Private Safari Adventure To Bahariya Oasis !,4.5,https://www.getyourguide.com/cairo-l92/cairo-4-days-white-desert-and-bahariya-oasis-tour-t444270/?ranking_uuid=2e2e65eb-9899-48f7-a8d9-f9ae8a7c6d14,Cairo,Safari,2286,2286,1,Mid Range
7088,From Cairo: 3-Day Siwa Oasis and Western Desert Private Trip,4.6,https://www.getyourguide.com/cairo-l92/cairo-3-days-trip-to-siwa-oasis-and-western-desert-t444227/?ranking_uuid=2e2e65eb-9899-48f7-a8d9-f9ae8a7c6d14,Cairo,Safari,4287,4287,1,Luxury
7089,Hurghada: Camel Ride & horse ride and Off-Road Jeep Tour,4,https://www.getyourguide.com/hurghada-l403/hurghada-camel-ride-horse-ride-and-off-road-jeep-tour-t635267/?ranking_uuid=2e2e65eb-9899-48f7-a8d9-f9ae8a7c6d14,Hurghada,Safari,1159,695,3,Mid Range
7090,Cairo: Pyramids Arabian Horse or Camel Ride with Bedouin Tea,4.5,https://www.getyourguide.com/giza-l915/cairo-arabian-horse-or-camel-ride-with-bedouin-tea-t686034/?ranking_uuid=2e2e65eb-9899-48f7-a8d9-f9ae8a7c6d14,Cairo,Safari,2791,2791,1,Mid Range
7091,"Hurghada: Sunrise VIP Quad Bike, Camel and Bedouin Breakfast",4.1,https://www.getyourguide.com/hurghada-l403/hurghada-sunrise-vip-quad-bike-camel-and-bedouin-breakfast-t568406/?ranking_uuid=1dc32735-8291-4051-8354-b4c86bffdc9a,Hurghada,Safari,7373,7373,3,Luxury
7092,From Cairo: Camel or Horse Ride Tour Around Giza Pyramids,4.4,https://www.getyourguide.com/giza-l915/from-cairo-giza-pyramids-tour-by-camel-or-horse-t443266/?ranking_uuid=1dc32735-8291-4051-8354-b4c86bffdc9a,Giza,Safari,9743,9743,0,Luxury
7093,Cairo: Giza Pyramids Camel Ride and Egyptian Museum Tour,2.4,https://www.getyourguide.com/cairo-l92/cairo-giza-pyramids-camel-ride-and-egyptian-museum-tour-t442816/?ranking_uuid=1dc32735-8291-4051-8354-b4c86bffdc9a,Giza,Safari,2323,2323,0,Mid Range
7094,From Sharm: Dahab Day Trip with Desert Safari and Camel Ride,4.7,https://www.getyourguide.com/dahab-l884/from-sharm-dahab-day-trip-with-desert-safari-and-camel-ride-t360115/?ranking_uuid=1dc32735-8291-4051-8354-b4c86bffdc9a,Dahab,Safari,13167,13167,11,Luxury
7095,Cairo: Sunset or Sunrise Camel Ride at The Giza Pyramids,4.3,https://www.getyourguide.com/cairo-l92/camel-ride-at-the-pyramids-during-sunset-or-sunrise-t455918/?ranking_uuid=1dc32735-8291-4051-8354-b4c86bffdc9a,Giza,Safari,13642,13642,0,Luxury
7096,1 Nights 2 Days at Fayoum from Cairo ( Jeep & Quad Bike ),4.4,https://www.getyourguide.com/fayoum-l1724/1-nights-2-days-at-fayoum-from-cairo-jeep-quad-bike--t661188/?ranking_uuid=1dc32735-8291-4051-8354-b4c86bffdc9a,Cairo,Safari,1422,1422,1,Mid Range
7097,From Cairo: Great Pyramid of Giza & Wadi El Rayan Oasis Tour,5,https://www.getyourguide.com/petropolis-l1831/from-cairo-great-pyramid-of-giza-wadi-el-rayan-oasis-tour-t890849/?ranking_uuid=1dc32735-8291-4051-8354-b4c86bffdc9a,Giza,Safari,17327,17327,0,Luxury
7098,From Cairo : Overnight Camping Adventure in El-Fayoum Oasis,3,https://www.getyourguide.com/fayoum-l1724/from-cairo-overnight-camping-trip-to-el-fayoum-oasis-t586846/?ranking_uuid=1dc32735-8291-4051-8354-b4c86bffdc9a,Cairo,Safari,2858,2858,1,Mid Range
7099,"El Gouna: Jeep, Camel, Buggy, Safari to Sahara Park Hurghada",5,https://www.getyourguide.com/hurghada-l403/el-gouna-jeep-camel-buggy-safari-to-sahara-park-hurghada-t540244/?ranking_uuid=1dc32735-8291-4051-8354-b4c86bffdc9a,Hurghada,Safari,18118,18118,3,Luxury
7100,"Sharm to Dahab: Colored Canyon, Blue Hole, Qude Bike, Camels",4.5,https://www.getyourguide.com/dahab-l884/dahab-quad-biking-snorkelling-diving-and-camel-ride-t383239/?ranking_uuid=1dc32735-8291-4051-8354-b4c86bffdc9a,Dahab,Safari,2046,1534,11,Mid Range
7101,"Cairo: 2-Day White Desert, Bahariya Oasis & El-Fayoum Tour",4.2,https://www.getyourguide.com/cairo-l92/2-day-cairo-adventure-tours-t451086/?ranking_uuid=1dc32735-8291-4051-8354-b4c86bffdc9a,Cairo,Safari,1569,1569,1,Mid Range
7102,"From Cairo & Giza: Pyramids, Camel Ride, & Museum Day Trip",5,https://www.getyourguide.com/cairo-l92/all-inclusive-trip-pyramids-sphinx-camel-riding-museum-t521725/?ranking_uuid=1dc32735-8291-4051-8354-b4c86bffdc9a,Giza,Safari,1948,1948,0,Mid Range
7103,Hurghada: Guided Sunset Desert Safari Trip by Quad Bike,5,https://www.getyourguide.com/hurghada-l403/hurghada-sunset-desert-safari-trip-by-quad-bike-t447795/?ranking_uuid=f94dba35-de55-488b-b42b-db711045d4c3,Hurghada,Safari,5717,5717,3,Luxury
7104,ATV Quad Bike Ride At GIZA Pyramids & BBQ Dinner.,4.3,https://www.getyourguide.com/giza-l915/atv-quad-bike-ride-at-giza-pyramids-bbq-dinner-t686028/?ranking_uuid=f94dba35-de55-488b-b42b-db711045d4c3,Giza,Safari,12278,9208,0,Luxury
7105,"VIP Cairo Experience: Pyramids, ATV Adventure and Camel ride",4,https://www.getyourguide.com/cairo-l92/vip-cairo-experience-pyramids-atv-adventure-and-camel-ride-t686029/?ranking_uuid=f94dba35-de55-488b-b42b-db711045d4c3,Cairo,Safari,2001,2001,1,Mid Range
7106,"Hurghada: 4 Days Tour Horse, Camel, Spa, ATV, Jeep & Dolphin",4.3,https://www.getyourguide.com/makadi-bay-l4675/hurghada-4-days-tour-horse-camel-spa-atv-jeep-dolphin-t541097/?ranking_uuid=f94dba35-de55-488b-b42b-db711045d4c3,Hurghada,Safari,1580,1580,3,Mid Range
7107,Sharm El Sheikh: Quad Biking trip with Authentic Bedouin Tea,4,https://www.getyourguide.com/sharm-el-sheikh-l408/sharm-el-sheikh-quad-biking-trip-with-authentic-bedouin-tea-t447037/?ranking_uuid=f94dba35-de55-488b-b42b-db711045d4c3,Sharm El Sheikh,Safari,2182,1309,2,Mid Range
7108,Desert Safari Around The Pyramids of Giza With Camel Riding,5,https://www.getyourguide.com/giza-governorate-l914/desert-safari-around-the-pyramids-of-giza-with-camel-riding-t596294/?ranking_uuid=f94dba35-de55-488b-b42b-db711045d4c3,Giza,Safari,3423,3423,0,Luxury
7109,"Hurghada: Quad Bike Safari, Camel Horse Ride, Dinner & Shows",4.5,https://www.getyourguide.com/hurghada-l403/hurghada-atv-bike-camel-horse-ride-with-bbq-stargazing-t516030/?ranking_uuid=f94dba35-de55-488b-b42b-db711045d4c3,Hurghada,Safari,2264,2264,3,Mid Range
8000,Luxor: Hot Air Balloon Ride over Luxor Relics,4.9,https://www.getyourguide.com/luxor-l109/luxor-sunrise-hot-air-balloon-ride-with-transfer-t460620/?ranking_uuid=1bfbc069-d188-4e77-a0fd-fe7c4a650e01,Luxor,Ballon Tours,4681,3277,18,Luxury
8001,Hurghada: Luxor Hot Air Balloon Ride and Day Tour With Meals,4.4,https://www.getyourguide.com/hurghada-l403/from-hurghada-private-day-tour-of-luxor-with-guide-lunch-t477847/?ranking_uuid=1bfbc069-d188-4e77-a0fd-fe7c4a650e01,Hurghada,Ballon Tours,7900,7900,3,Luxury
8002,Luxor: Morning Hot Air Balloon Ride,4.4,https://www.getyourguide.com/luxor-l109/luxor-hot-air-balloon-ride-second-flight-after-sunrise-t453139/?ranking_uuid=1bfbc069-d188-4e77-a0fd-fe7c4a650e01,Luxor,Ballon Tours,2896,2896,18,Mid Range
8003,Luxor: Hot Air Balloon Ride with Full-Day Sights Tour,5,https://www.getyourguide.com/luxor-l109/luxor-one-package-luxor-hot-air-balloon-with-full-day-tour-t477361/?ranking_uuid=1bfbc069-d188-4e77-a0fd-fe7c4a650e01,Luxor,Ballon Tours,8427,4634,18,Luxury
8004,"Hurghada: 2-Day Luxor Tour with Hotel, Balloon, & Boat Ride",4.5,https://www.getyourguide.com/luxor-l109/hurghada-luxor-hot-air-balloon-ride-and-day-tour-with-meals-t412341/?ranking_uuid=1bfbc069-d188-4e77-a0fd-fe7c4a650e01,Hurghada,Ballon Tours,13167,13167,3,Luxury
8005,Hurghada: Luxor Highlights Private Tour & Balloon Ride,4.7,https://www.getyourguide.com/hurghada-l403/hurghada-luxor-highlights-private-tour-balloon-ride-t920113/?ranking_uuid=1bfbc069-d188-4e77-a0fd-fe7c4a650e01,Hurghada,Ballon Tours,8953,8953,3,Luxury
8006,Luxor: West Bank Hot Air Balloon Ride with Hotel Pickup,4.9,https://www.getyourguide.com/luxor-l109/discover-luxor-egypt-from-a-bird-s-eye-view-t458591/?ranking_uuid=1bfbc069-d188-4e77-a0fd-fe7c4a650e01,Luxor,Ballon Tours,3144,3144,18,Luxury
8007,From Cairo: Luxor & Hot Air Balloon Private Trip by Plane,4.1,https://www.getyourguide.com/cairo-l92/from-cairo-luxor-hot-air-balloon-private-trip-by-plane-t418318/?ranking_uuid=1bfbc069-d188-4e77-a0fd-fe7c4a650e01,Cairo,Ballon Tours,25280,25280,1,Luxury
8008,Luxor: Hot Air Balloon Ride over the Valley of the Kings,4.8,https://www.getyourguide.com/luxor-l109/luxor-hot-air-balloon-ride-over-the-valley-of-the-kings-t322538/?ranking_uuid=1bfbc069-d188-4e77-a0fd-fe7c4a650e01,Luxor,Ballon Tours,3739,3739,18,Luxury
8009,From Cairo: 3-Day Nile Cruise with Hot Air Balloon & Flights,4.3,https://www.getyourguide.com/cairo-l92/cairo-3-days-nile-cruise-with-hot-air-balloon-by-flights-t444350/?ranking_uuid=1bfbc069-d188-4e77-a0fd-fe7c4a650e01,Cairo,Ballon Tours,41382,41382,1,Luxury
8010,Luxor: Amazing Sunrise Hot Air Balloon Ride,4.7,https://www.getyourguide.com/luxor-l109/hot-air-balloon-t570712/?ranking_uuid=1bfbc069-d188-4e77-a0fd-fe7c4a650e01,Luxor,Ballon Tours,4213,4213,18,Luxury
8011,Luxor: 2-Day West and East Bank with Lunch and Felucca Ride,4.4,https://www.getyourguide.com/temple-of-karnak-l86995/luxor-2-day-highlights-tour-t275787/?ranking_uuid=1bfbc069-d188-4e77-a0fd-fe7c4a650e01,Luxor,Ballon Tours,3686,3686,18,Luxury
8012,Hurghada: 2-Day Tour to Luxor with Balloon Ride and Hotel,4,https://www.getyourguide.com/hurghada-l403/hurghada-2-day-tour-to-luxor-with-balloon-ride-and-hotel-t490918/?ranking_uuid=1bfbc069-d188-4e77-a0fd-fe7c4a650e01,Hurghada,Ballon Tours,8953,8953,3,Luxury
8013,Luxor: Hot Air Balloon Ride Over Temple of Hatshepsut,4.8,https://www.getyourguide.com/luxor-l109/luxor-sunrise-hot-air-balloon-ride-t265512/?ranking_uuid=1bfbc069-d188-4e77-a0fd-fe7c4a650e01,Luxor,Ballon Tours,3739,3739,18,Luxury
8014,Luxor: Deluxe Sunrise Hot Air Balloon,4.6,https://www.getyourguide.com/luxor-l109/luxor-deluxe-sunrise-hot-air-balloon-t251197/?ranking_uuid=1bfbc069-d188-4e77-a0fd-fe7c4a650e01,Luxor,Ballon Tours,5431,5431,18,Luxury
8015,Luxor: West and East Banks Private Tour and Hot Air Balloon,4.5,https://www.getyourguide.com/luxor-l109/luxor-west-and-east-banks-with-sunrise-hot-air-balloon-ride-t429747/?ranking_uuid=0f498475-0963-4cad-aeac-878002a081b7,Luxor,Ballon Tours,5266,5266,18,Luxury
8016,"From Cairo: 3-Nights Nile Cruise Luxor, Aswan by Flights",4.3,https://www.getyourguide.com/cairo-l92/4-days-nile-cruise-from-aswan-start-from-cairo-by-flights-t541323/?ranking_uuid=0f498475-0963-4cad-aeac-878002a081b7,Cairo,Ballon Tours,39501,39501,1,Luxury
8017,"From Cairo: 5-Day Tour with Nile Cruise, Balloon, & Flights",4.8,https://www.getyourguide.com/cairo-l92/from-cairo-5-day-tour-packagenile-cruiseballoon-flights-t484992/?ranking_uuid=0f498475-0963-4cad-aeac-878002a081b7,Cairo,Ballon Tours,54312,54312,1,Luxury
8018,From Aswan: 4-Days 3-Night Nile Cruise with Hot Air Balloon,4.8,https://www.getyourguide.com/aswan-l543/from-aswan-4-days-3-night-nile-cruise-with-hot-air-balloon-t551534/?ranking_uuid=0f498475-0963-4cad-aeac-878002a081b7,Aswan,Ballon Tours,23700,23700,17,Luxury
8019,"2 days 1 night Luxor,Aswan & Abu simbel by flight from Cairo",4.4,https://www.getyourguide.com/cairo-l92/2days1-night-luxor-aswan-abu-simbel-by-flight-from-cairo-t599587/?ranking_uuid=0f498475-0963-4cad-aeac-878002a081b7,Cairo,Ballon Tours,34234,34234,1,Luxury
8020,From Luxor: 3-Night Nile Cruise to Aswan and Hot Air Balloon,4,https://www.getyourguide.com/luxor-l109/from-luxor-3-night-nile-cruise-to-aswan-and-hot-air-balloon-t422284/?ranking_uuid=0f498475-0963-4cad-aeac-878002a081b7,Aswan,Ballon Tours,26334,26334,17,Luxury
8021,From Luxor: 3-Day Nile Cruise to Aswan with Balloon Ride,3.6,https://www.getyourguide.com/luxor-l109/from-luxor-3-day-nile-cruise-to-aswan-with-balloon-ride-t512354/?ranking_uuid=0f498475-0963-4cad-aeac-878002a081b7,Aswan,Ballon Tours,21067,21067,17,Luxury
8022,Luxor Hot Air Balloon over ancient relics,4.6,https://www.getyourguide.com/luxor-l109/luxor-hot-air-balloon-t494156/?ranking_uuid=0f498475-0963-4cad-aeac-878002a081b7,Luxor,Ballon Tours,3160,3160,18,Luxury
8023,Marsa Alam : Over Day Tour to Luxor & Balloon Ride & Felucca,4.7,https://www.getyourguide.com/luxor-l109/marsa-alam-luxor-tour-with-hot-air-balloon-ride-and-meals-t475801/?ranking_uuid=0f498475-0963-4cad-aeac-878002a081b7,Marsa Alam,Ballon Tours,14220,14220,9,Luxury
8024,Visit Luxor East & west bank and Hot Air balloon included,5,https://www.getyourguide.com/luxor-l109/visit-luxor-east-west-bank-and-hot-air-balloon-included-t493457/?ranking_uuid=0f498475-0963-4cad-aeac-878002a081b7,Luxor,Ballon Tours,5266,5266,18,Luxury
8025,Luxor: Hot Air Balloon & Private tour to West bank and Lunch,4.9,https://www.getyourguide.com/luxor-l109/luxor-medinet-habu-valley-of-nobles-and-deir-private-tour-t410516/?ranking_uuid=0f498475-0963-4cad-aeac-878002a081b7,Luxor,Ballon Tours,4213,4213,18,Luxury
8026,Hurghada to Cairo: Full-Day Tour one way Bus & Flight Return,3.5,https://www.getyourguide.com/cairo-l92/hurghada-to-cairo-full-day-tour-one-way-bus-flight-return-t829925/?ranking_uuid=0f498475-0963-4cad-aeac-878002a081b7,Cairo,Ballon Tours,9261,9261,1,Luxury
8027,From Aswan: 5-Day Nile Cruise to Luxor with Hot Air Balloon,4.4,https://www.getyourguide.com/aswan-l543/from-aswan-4-night-nile-cruise-to-luxor-with-balloon-ride-t455205/?ranking_uuid=0f498475-0963-4cad-aeac-878002a081b7,Aswan,Ballon Tours,31601,31601,17,Luxury
8028,Aswan: Luxor Day Trip with Sunrise Hot Air Balloon & Felucca,4.6,https://www.getyourguide.com/aswan-l543/aswan-luxor-day-trip-with-sunrise-hot-air-balloon-felucca-t431770/?ranking_uuid=0f498475-0963-4cad-aeac-878002a081b7,Aswan,Ballon Tours,10533,10533,17,Luxury
8029,From Luxor: 4-Day Nile Cruise to Aswan with Balloon Ride,4.3,https://www.getyourguide.com/luxor-l109/from-luxor-4-day-nile-cruise-to-aswan-with-balloon-ride-t513745/?ranking_uuid=0f498475-0963-4cad-aeac-878002a081b7,Aswan,Ballon Tours,26334,26334,17,Luxury
8030,"From Cairo: 11-Day Tour, Nile Cruise, Flights, Balloon",4.2,https://www.getyourguide.com/cairo-l92/from-cairo-11-day-tour-nile-cruise-flights-balloon-t484441/?ranking_uuid=0f498475-0963-4cad-aeac-878002a081b7,Cairo,Ballon Tours,57935,57935,1,Luxury
8031,Luxor: All Inclusive Private Balloon Ride In Small Balloon,4.8,https://www.getyourguide.com/luxor-l109/valley-of-kings-private-sunrise-hot-air-balloon-ride-t330111/?ranking_uuid=747cea7c-b4fb-40ef-a0fe-680fcfddc40f,Luxor,Ballon Tours,15273,15273,18,Luxury
8032,"Hot air balloon, Kings Valley Tombs, Hatshpsuit, Feluca Boat",4.7,https://www.getyourguide.com/luxor-l109/hot-air-balloon-kings-valley-tombs-hatshpsuit-feluca-boat-t449833/?ranking_uuid=747cea7c-b4fb-40ef-a0fe-680fcfddc40f,New Valley,Ballon Tours,7110,7110,16,Luxury
8033,Luxor: West bank tour with Hot air Balloon over luxor,5,https://www.getyourguide.com/luxor-l109/luxor-west-bank-tour-with-hot-air-balloon-over-luxor-t592213/?ranking_uuid=747cea7c-b4fb-40ef-a0fe-680fcfddc40f,Luxor,Ballon Tours,6320,6320,18,Luxury
8034,From Hurghada: Nile Cruise with Aswan and Hot Air Balloon,4.8,https://www.getyourguide.com/luxor-l109/from-hurghada-2-night-nile-cruise-to-aswan-hot-air-balloon-t447889/?ranking_uuid=747cea7c-b4fb-40ef-a0fe-680fcfddc40f,Hurghada,Ballon Tours,33857,33857,3,Luxury
8035,From Luxor: 6-Day Nile River Cruise to Aswan with Balloon,4.5,https://www.getyourguide.com/luxor-l109/from-luxor-5-nights6-days-cruise-to-aswan-with-balloon-t455896/?ranking_uuid=747cea7c-b4fb-40ef-a0fe-680fcfddc40f,Aswan,Ballon Tours,36867,36867,17,Luxury
8036,From Cairo: 4-Day Nile Cruise to Luxor with Balloon Flight,4.2,https://www.getyourguide.com/cairo-l92/from-cairo-4-day-nile-cruise-to-luxor-with-balloon-flights-t448134/?ranking_uuid=747cea7c-b4fb-40ef-a0fe-680fcfddc40f,Cairo,Ballon Tours,60192,60192,1,Luxury
8037,Luxor: West Bank Hot Air Balloon Ride with Hotel Transfers,5,https://www.getyourguide.com/luxor-l109/luxor-trip-hot-air-balloon-ride-in-luxor-egypt-t445709/?ranking_uuid=747cea7c-b4fb-40ef-a0fe-680fcfddc40f,Luxor,Ballon Tours,5214,5214,18,Luxury
8038,"Luxor: Balloon, Quad Bike, Horse Ride, felucca with meals",4.4,https://www.getyourguide.com/luxor-l109/luxor-balloon-quad-bike-horse-ride-felucca-with-meals-t471616/?ranking_uuid=747cea7c-b4fb-40ef-a0fe-680fcfddc40f,Luxor,Ballon Tours,7900,7900,18,Luxury
8039,Luxor: VIP Private Sunrise Hot Air Balloon with Breakfast,4.4,https://www.getyourguide.com/luxor-l109/luxor-vip-private-sunrise-hot-air-balloon-with-breakfast-t545068/?ranking_uuid=747cea7c-b4fb-40ef-a0fe-680fcfddc40f,Luxor,Ballon Tours,20014,20014,18,Luxury
8040,Safaga: Overnight Trip to Luxor with Balloon Ride & Hotel,4.4,https://www.getyourguide.com/port-safaga-l13566/safaga-overnight-trip-to-luxor-with-balloon-ride-hotel-t476359/?ranking_uuid=747cea7c-b4fb-40ef-a0fe-680fcfddc40f,Luxor,Ballon Tours,8427,8427,18,Luxury
8041,Balloon group ride over Luxor,4.7,https://www.getyourguide.com/luxor-l109/balloon-group-ride-over-luxor-t435677/?ranking_uuid=747cea7c-b4fb-40ef-a0fe-680fcfddc40f,Luxor,Ballon Tours,10862,10862,18,Luxury
8042,"Cairo: 8-day Tour with Cruise, Flights, & Balloon Ride",3.8,https://www.getyourguide.com/cairo-l92/cairo-8-day-tour-with-cruise-flights-balloon-ride-t485455/?ranking_uuid=747cea7c-b4fb-40ef-a0fe-680fcfddc40f,Cairo,Ballon Tours,55301,55301,1,Luxury
8043,From Luxor: 7-Night Nile River Cruise + Ballon & Abu Simbel,4.5,https://www.getyourguide.com/luxor-l109/from-luxor-7-night-nile-river-cruise-t266020/?ranking_uuid=747cea7c-b4fb-40ef-a0fe-680fcfddc40f,Luxor,Ballon Tours,52615,52615,18,Luxury
8044,From Luxor: 7-Day Nile Cruise to Aswan with Hot Air Balloon,5,https://www.getyourguide.com/luxor-l109/from-luxor-6-night-5-star-nile-cruise-with-hot-air-balloon-t455507/?ranking_uuid=747cea7c-b4fb-40ef-a0fe-680fcfddc40f,Aswan,Ballon Tours,42134,42134,17,Luxury
8045,"From Hurghada: 1-Night Luxor Tour, Hot Air Balloon, Transfer",4.5,https://www.getyourguide.com/hurghada-l403/from-hurghada-1-night-luxor-tour-hot-air-balloon-transfer-t489153/?ranking_uuid=747cea7c-b4fb-40ef-a0fe-680fcfddc40f,Hurghada,Ballon Tours,13919,13919,3,Luxury
8046,From Cairo: 5-Day Nile Cruise to Aswan & Balloon by Flights,4.3,https://www.getyourguide.com/cairo-l92/from-cairo-5-day-nile-cruise-to-aswan-balloon-by-flights-t486539/?ranking_uuid=eee6c26d-a5e7-4c8f-9025-e6da3145da82,Cairo,Ballon Tours,63954,63954,1,Luxury
8047,Luxor: 6-Day Egypt Package with Flights and Hot Air-Balloon,5,https://www.getyourguide.com/luxor-l109/luxor-6-day-egypt-package-with-flights-and-hot-air-balloon-t490325/?ranking_uuid=eee6c26d-a5e7-4c8f-9025-e6da3145da82,Luxor,Ballon Tours,44768,44768,18,Luxury
8048,Aswan: 7-Day Nile River Cruise to Luxor with Hot Air Balloon,4.4,https://www.getyourguide.com/aswan-l543/aswanguided-7-days-6-nights-nile-cruise-to-luxor-balloon-t456011/?ranking_uuid=eee6c26d-a5e7-4c8f-9025-e6da3145da82,Aswan,Ballon Tours,47401,47401,17,Luxury
8049,Luxor: 7-Day Egypt Tour with Cruise & Hot Air-Balloon Ride,4.4,https://www.getyourguide.com/luxor-l109/luxor-7-day-egypt-package-with-flights-and-hot-air-balloon-t491384/?ranking_uuid=eee6c26d-a5e7-4c8f-9025-e6da3145da82,Luxor,Ballon Tours,42134,42134,18,Luxury
8050,From Marsa Alam: 3-Day Nile Cruise with Hot Air Balloon Ride,4.4,https://www.getyourguide.com/marsa-alam-l422/from-marsa-alam-3-day-nile-cruise-with-hot-air-balloon-t459858/?ranking_uuid=eee6c26d-a5e7-4c8f-9025-e6da3145da82,Marsa Alam,Ballon Tours,41382,41382,9,Luxury
8051,Luxor: 8-Day Egypt Package with Flights and Hot Air-Balloon,4.4,https://www.getyourguide.com/luxor-l109/luxor-8-day-egypt-package-with-flights-and-hot-air-balloon-t497808/?ranking_uuid=eee6c26d-a5e7-4c8f-9025-e6da3145da82,Luxor,Ballon Tours,47401,47401,18,Luxury
8052,From Sharm: Full Day Tour in Cairo By flight,4.7,https://www.getyourguide.com/cairo-l92/from-sharm-el-sheik-cairo-and-luxor-2-day-1-night-tour-t322488/?ranking_uuid=eee6c26d-a5e7-4c8f-9025-e6da3145da82,Cairo,Ballon Tours,20014,20014,1,Luxury
8053,Luxor: 3-Day Nile Cruise to Aswan with Hot Air Balloon,4,https://www.getyourguide.com/luxor-l109/luxor-3-day-nile-cruise-to-aswan-with-balloon-t500868/?ranking_uuid=eee6c26d-a5e7-4c8f-9025-e6da3145da82,Aswan,Ballon Tours,30096,30096,17,Luxury
8054,Luxor: All-Inclusive 3-Night Nile Cruise to Aswan & Balloon,4.4,https://www.getyourguide.com/luxor-l109/luxor-all-inclusive-3-night-nile-cruise-to-aswan-balloon-t686000/?ranking_uuid=eee6c26d-a5e7-4c8f-9025-e6da3145da82,Aswan,Ballon Tours,28967,28967,17,Luxury
8055,Hurghada: Private 4-day Nile Cruise with Hot Air Balloon,4.4,https://www.getyourguide.com/hurghada-l403/hurghada-private-4-day-nile-cruise-with-hot-air-balloon-t448074/?ranking_uuid=eee6c26d-a5e7-4c8f-9025-e6da3145da82,Hurghada,Ballon Tours,56430,56430,3,Luxury
8056,"From Cairo: 4-Day Nile Cruise to Luxor/ Balloon, Flights",4.2,https://www.getyourguide.com/cairo-l92/from-cairo-4-day-nile-cruise-to-luxor-balloon-flights-t484994/?ranking_uuid=eee6c26d-a5e7-4c8f-9025-e6da3145da82,Cairo,Ballon Tours,60192,60192,1,Luxury
8057,Sharm El-Sheikh: 7-Day Egypt Tour w/ Balloon Ride & Flights,2.3,https://www.getyourguide.com/sharm-el-sheikh-l408/sharm-el-sheikh-7-day-egypt-tour-balloon-flights-t489550/?ranking_uuid=eee6c26d-a5e7-4c8f-9025-e6da3145da82,Sharm El Sheikh,Ballon Tours,42134,42134,2,Luxury
8058,From Aswan: 6-Day Nile Cruise to Luxor with Balloon Ride,2.5,https://www.getyourguide.com/aswan-l543/from-aswan-5-night-nile-cruise-to-luxor-with-balloon-ride-t455784/?ranking_uuid=eee6c26d-a5e7-4c8f-9025-e6da3145da82,Aswan,Ballon Tours,36867,36867,17,Luxury
8059,"Luxor: 9-Day Egypt Tour w/ Cruise, Flights & Hot Air Balloon",4.4,https://www.getyourguide.com/luxor-l109/luxor-9-day-egypt-package-with-flights-and-hot-air-balloon-t496643/?ranking_uuid=eee6c26d-a5e7-4c8f-9025-e6da3145da82,Luxor,Ballon Tours,48454,48454,18,Luxury
8060,"Marsa alam:6-day tour, Nile cruise,flights, Hot Air Balloon",4.4,https://www.getyourguide.com/marsa-alam-l422/marsa-alam6-day-tour-with-nile-cruise-and-flights-t460177/?ranking_uuid=eee6c26d-a5e7-4c8f-9025-e6da3145da82,Marsa Alam,Ballon Tours,36867,36867,9,Luxury
8061,"From Marsa Alam: 5-Day Egypt Tour with Nile Cruise, Balloon",4.4,https://www.getyourguide.com/luxor-l109/from-marsa-alam-5-day-egypt-tour-with-nile-cruise-balloon-t504922/?ranking_uuid=eee6c26d-a5e7-4c8f-9025-e6da3145da82,Marsa Alam,Ballon Tours,63954,63954,9,Luxury
8062,From Marsa Alam: 3 night Nile Cruise with Hot air balloon,4.4,https://www.getyourguide.com/luxor-l109/from-marsa-alam-3-night-nile-cruise-with-hot-air-balloon-t505091/?ranking_uuid=53daa4e2-644d-4ff6-a2cb-91d226d0fdb3,Marsa Alam,Ballon Tours,56430,56430,9,Luxury
8063,"Hurghada:10-Day Egypt Tour, Nile Cruise, Balloon, Flights",5,https://www.getyourguide.com/hurghada-l403/hurghada10-day-egypt-tour-nile-cruise-balloon-flights-t486058/?ranking_uuid=53daa4e2-644d-4ff6-a2cb-91d226d0fdb3,Hurghada,Ballon Tours,56355,56355,3,Luxury
8064,Marsa Alam: 4 Days Nile cruise to Aswan with hot air balloon,4.4,https://www.getyourguide.com/marsa-alam-l422/marsa-alam-4-days-nile-cruise-to-aswan-with-hot-air-balloon-t459066/?ranking_uuid=53daa4e2-644d-4ff6-a2cb-91d226d0fdb3,Marsa Alam,Ballon Tours,56430,56430,9,Luxury
8065,From Hurghada: 6-Day cruise to Aswan with Hot air balloon,5,https://www.getyourguide.com/hurghada-l403/from-hurghada-6-day-cruise-to-aswan-with-hot-air-balloon-t457154/?ranking_uuid=53daa4e2-644d-4ff6-a2cb-91d226d0fdb3,Hurghada,Ballon Tours,67716,67716,3,Luxury
9000,"Sharm El-Sheikh: Ultimate ATV Quad, Stargazing & BBQ Dinner",4.8,https://www.getyourguide.com/sharm-el-sheikh-l408/sharm-el-sheikh-ultimate-atv-quad-stargazing-bbq-dinner-t437576/?ranking_uuid=b507b291-5050-4d4e-b75a-f4fa4c884fbf,Sharm El Sheikh,Camel Tours,2001,1000,2,Mid Range
9001,Cairo: Pyramids & Great Sphinx Private Tour with Camel Ride,4.9,https://www.getyourguide.com/cairo-l92/private-day-tour-to-giza-pyramids-with-camel-ride-t459032/?ranking_uuid=b507b291-5050-4d4e-b75a-f4fa4c884fbf,Cairo,Camel Tours,1158,1042,1,Mid Range
9002,Hurghada: Desert Quad Bike Camel Ride with Optional GoPro,4.5,https://www.getyourguide.com/hurghada-l403/hurghada-desert-quad-bike-camel-ride-with-optional-gopro-t12012/?ranking_uuid=b507b291-5050-4d4e-b75a-f4fa4c884fbf,Hurghada,Camel Tours,886,443,3,Economic
9003,"Hurghada: VIP Quad, Sea, Camel, Safari, Stargazing & Dinner",4.3,https://www.getyourguide.com/hurghada-l403/hurghada-vip-quad-camel-bedouin-safari-with-sea-adventure-t558720/?ranking_uuid=b507b291-5050-4d4e-b75a-f4fa4c884fbf,Hurghada,Camel Tours,545,327,3,Economic
9004,Giza Sunrise Pyramid Guided Tour With Camel Ride & Breakfast,4.8,https://www.getyourguide.com/cairo-l92/giza-sunrise-pyramids-and-sphinx-tour-with-camel-ride-t761664/?ranking_uuid=b507b291-5050-4d4e-b75a-f4fa4c884fbf,Giza,Camel Tours,2046,1023,0,Mid Range
9005,Hurghada: Quad Bike Tour of the Desert and Red Sea,4.5,https://www.getyourguide.com/hurghada-l403/hurghada-sunset-2h-quad-bike-sea-desert-t539481/?ranking_uuid=b507b291-5050-4d4e-b75a-f4fa4c884fbf,Hurghada,Camel Tours,818,491,3,Economic
9006,"Hurghada: Quad Bike, Buggy, and Camel Ride & Bedouin Village",4.8,https://www.getyourguide.com/hurghada-l403/hurghada-quad-bike-buggy-and-camel-ride-with-bedouin--t637140/?ranking_uuid=b507b291-5050-4d4e-b75a-f4fa4c884fbf,Hurghada,Camel Tours,1543,1543,3,Mid Range
9007,Hurghada: Star Stargazing Desert Adventure by Jeep & Dinner,4.8,https://www.getyourguide.com/hurghada-l403/hurghada-stargazing-and-farm-tour-with-dinner-and-transfers-t633602/?ranking_uuid=b507b291-5050-4d4e-b75a-f4fa4c884fbf,Hurghada,Camel Tours,2115,2115,3,Mid Range
9008,Hurghada: Desert Quad Bike and Buggy Adventure with Transfer,4.2,https://www.getyourguide.com/hurghada-l403/hurghada-desert-quad-bike-and-buggy-adventure-with-transfer-t22274/?ranking_uuid=b507b291-5050-4d4e-b75a-f4fa4c884fbf,Hurghada,Camel Tours,1315,1315,3,Mid Range
9009,"From Cairo: Desert Safari, Camel Ride, Magic Lake, & Lunch",4.9,https://www.getyourguide.com/cairo-l92/from-cairo-desert-safari-camel-ride-magic-lake-lunch-t362905/?ranking_uuid=b507b291-5050-4d4e-b75a-f4fa4c884fbf,Cairo,Camel Tours,6847,6162,1,Luxury
9010,"Hurghada: Sea & Desert Camel Ride w/Dinner, Show, Stargazing",4.3,https://www.getyourguide.com/hurghada-l403/camel-ride-hurghada-tour-t223572/?ranking_uuid=b507b291-5050-4d4e-b75a-f4fa4c884fbf,Hurghada,Camel Tours,2046,1023,3,Mid Range
9011,"Cairo: Pyramids, Camel Ride, Shopping Tour with ATV Option",5,https://www.getyourguide.com/cairo-l92/cairo-pyramids-camel-ride-shopping-tour-with-atv-option-t473806/?ranking_uuid=b507b291-5050-4d4e-b75a-f4fa4c884fbf,Cairo,Camel Tours,1158,927,1,Mid Range
9012,Giza Pyramids and Sphinx: Half-Day Private Tour,4.6,https://www.getyourguide.com/pyramids-of-giza-l4184/giza-pyramids-and-spinx-half-day-private-tour-t17540/?ranking_uuid=b507b291-5050-4d4e-b75a-f4fa4c884fbf,Giza,Camel Tours,1843,1474,0,Mid Range
9013,"Hurghada: Jeep Safari with Camel Ride, Dinner and Show",4.5,https://www.getyourguide.com/hurghada-l403/hurghada-jeep-safari-with-camel-ride-dinner-and-show-t656698/?ranking_uuid=b507b291-5050-4d4e-b75a-f4fa4c884fbf,Hurghada,Camel Tours,1543,1543,3,Mid Range
9014,"Hurghada: ATV Tour with Camel Ride, Dinner Show & Stargazing",4.2,https://www.getyourguide.com/hurghada-l403/fast-ride-quad-tour-in-hurghada-desert-t429914/?ranking_uuid=b507b291-5050-4d4e-b75a-f4fa4c884fbf,Hurghada,Camel Tours,1910,1146,3,Mid Range
9015,"Hurghada: Safari Jeep, Quad, Buggy, Camel Ride & BBQ Dinner",4.2,https://www.getyourguide.com/hurghada-l403/hurghada-5-in-1-safari-jeepquadbuggycameldinner-show-t473778/?ranking_uuid=b507b291-5050-4d4e-b75a-f4fa4c884fbf,Hurghada,Camel Tours,2014,1652,3,Mid Range
9016,Hurghada: Arabian Desert and Sea Horseback Adventure,4.6,https://www.getyourguide.com/hurghada-l403/hurghada-arabian-desert-and-sea-horseback-adventure-t521018/?ranking_uuid=ba9dded1-c266-440d-b669-49c788925fe6,Hurghada,Camel Tours,1159,579,3,Mid Range
9017,"Sharm El Sheikh: Quad bike, Safari, Camel With Dinner & Show",3.8,https://www.getyourguide.com/sharm-el-sheikh-l408/sharm-el-sheikh-quad-bike-safari-camel-with-dinner-show-t572018/?ranking_uuid=ba9dded1-c266-440d-b669-49c788925fe6,Sharm El Sheikh,Camel Tours,1023,869,2,Mid Range
9018,Cairo: Bahariya Oasis & White Desert A Private Day Adventure,4.6,https://www.getyourguide.com/cairo-l92/cairo-desert-and-bahariya-oasis-day-trip-with-lunch-t306018/?ranking_uuid=ba9dded1-c266-440d-b669-49c788925fe6,Cairo,Camel Tours,9375,9375,1,Luxury
9019,Cairo: Pyramids Quad Bike Adventure & Optional Camel Ride,4.5,https://www.getyourguide.com/cairo-l92/cairo-quad-camel-ride-combo-tour-around-the-pyramids-t303558/?ranking_uuid=ba9dded1-c266-440d-b669-49c788925fe6,Cairo,Camel Tours,2896,2896,1,Mid Range
9020,From Sharm El Sheikh: Cairo Private Day Trip by Plane,4,https://www.getyourguide.com/giza-l915/from-sharm-el-sheikh-cairo-private-day-trip-by-plane-t417384/?ranking_uuid=ba9dded1-c266-440d-b669-49c788925fe6,Cairo,Camel Tours,15695,15695,1,Luxury
9021,"Hurghada: ATV Safari, Camel Ride, and Bedouin Village Tour",4.2,https://www.getyourguide.com/hurghada-l403/hurghada-quad-bike-top-offer-t429915/?ranking_uuid=ba9dded1-c266-440d-b669-49c788925fe6,Hurghada,Camel Tours,886,532,3,Mid Range
9022,Sharm El-Sheikh: Morning Desert ATV Quad & Buggy Adventure,5,https://www.getyourguide.com/sharm-el-sheikh-l408/sharm-el-sheikh-morning-desert-atv-quad-buggy-adventure-t437602/?ranking_uuid=ba9dded1-c266-440d-b669-49c788925fe6,Sharm El Sheikh,Camel Tours,1143,571,2,Mid Range
9023,Cairo: Giza Pyramids Tour with Quad Bike Safari & Camel Ride,4.7,https://www.getyourguide.com/cairo-l92/cairo-giza-pyramids-tour-with-quad-bike-safari-camel-ride-t349046/?ranking_uuid=ba9dded1-c266-440d-b669-49c788925fe6,Giza,Camel Tours,4213,3370,0,Luxury
9024,Cairo: 2-Day Bahariya & White Desert Private Camp Adventure,4.7,https://www.getyourguide.com/cairo-l92/cairo-2-day-bahariya-white-desert-private-camp-adventure-t444057/?ranking_uuid=ba9dded1-c266-440d-b669-49c788925fe6,Cairo,Camel Tours,10428,10428,1,Luxury
9025,Aswan: Day Trip to Nubian Village with Camel Tour,4.4,https://www.getyourguide.com/aswan-l543/aswan-day-trip-in-nubian-village-with-camel-tour-t453221/?ranking_uuid=ba9dded1-c266-440d-b669-49c788925fe6,Aswan,Camel Tours,790,790,17,Mid Range
9026,From Hurghada: Makadi Bay Horse Riding Tour,4.6,https://www.getyourguide.com/makadi-bay-l4675/makadi-bay-horse-ride-tour-t517867/?ranking_uuid=ba9dded1-c266-440d-b669-49c788925fe6,Hurghada,Camel Tours,2148,1074,3,Mid Range
9027,"Hurghada: ATV Quad Safari, Camel Ride & Bedouin Village Tour",4.3,https://www.getyourguide.com/hurghada-l403/hurghada-atv-quad-safari-camel-ride-bedouin-village-tour-t96546/?ranking_uuid=ba9dded1-c266-440d-b669-49c788925fe6,Hurghada,Camel Tours,1286,900,3,Mid Range
9028,From Sharm El Sheikh: Cairo Pyramids Full-Day Tour by Plane,5,https://www.getyourguide.com/sharm-el-sheikh-l408/from-sharm-el-sheikh-cairo-pyramids-full-day-tour-by-plane-t818334/?ranking_uuid=ba9dded1-c266-440d-b669-49c788925fe6,Cairo,Camel Tours,14747,14747,1,Luxury
9029,"Sharm El-Sheikh: Camel Riding, Stargazing, BBQ Dinner & Show",4.5,https://www.getyourguide.com/sharm-el-sheikh-l408/sharm-el-sheikh-camel-riding-stargazing-bbq-dinner-show-t437716/?ranking_uuid=ba9dded1-c266-440d-b669-49c788925fe6,Sharm El Sheikh,Camel Tours,2344,1172,2,Mid Range
9030,"Hurghada: Full-Day Quad & Camel Ride, Stargazing, & Dinner",4.2,https://www.getyourguide.com/hurghada-l403/quad-bike-safari-day-trip-to-sahara-park-hurghada-t29397/?ranking_uuid=bafab776-097e-4b17-8973-a73525a56297,Hurghada,Camel Tours,818,491,3,Economic
9031,Cairo: Private Half-Day Pyramids Tour with Photographer,4.8,https://www.getyourguide.com/pyramids-of-giza-l4184/cairo-romantic-half-day-pyramids-tour-with-photographer-t324733/?ranking_uuid=bafab776-097e-4b17-8973-a73525a56297,Cairo,Camel Tours,3173,3173,1,Luxury
9032,"Hurghada: Desert Quad, Bedouin Village, and Camel Ride Tour",4.4,https://www.getyourguide.com/hurghada-l403/hurghada-desert-quad-bedouin-village-and-camel-ride-tour-t456931/?ranking_uuid=bafab776-097e-4b17-8973-a73525a56297,Hurghada,Camel Tours,1237,928,3,Mid Range
9033,Cairo: Private Quad Bike Desert Tour with Pyramids & Sunset,4.2,https://www.getyourguide.com/cairo-l92/desert-safari-by-quad-bike-around-pyramids-enjoying-sunset-o-t443220/?ranking_uuid=bafab776-097e-4b17-8973-a73525a56297,Cairo,Camel Tours,2896,2896,1,Mid Range
9034,Cairo: Camel Ride Around The Pyramids with Hotel Pickup,4.1,https://www.getyourguide.com/giza-l915/cairo-camel-ride-around-the-pyramids-with-hotel-pickup-t520699/?ranking_uuid=bafab776-097e-4b17-8973-a73525a56297,Cairo,Camel Tours,2046,1330,1,Mid Range
9035,Cairo: Half Day Pyramids Tour by Camel or Horse Carriage,4.8,https://www.getyourguide.com/sphinx-l8476/cairo-half-day-pyramids-tour-by-camel-or-horse-carriage-t285412/?ranking_uuid=bafab776-097e-4b17-8973-a73525a56297,Cairo,Camel Tours,2120,2120,1,Mid Range
9036,"Hurghada: Safari Jeep , Camel Ride & BBQ Dinner",4.1,https://www.getyourguide.com/hurghada-l403/hurghada-safari-jeep-camel-ride-bbq-dinner-t605905/?ranking_uuid=bafab776-097e-4b17-8973-a73525a56297,Hurghada,Camel Tours,1422,1166,3,Mid Range
9037,Hurghada: 3 Hour Camel Riding with Bedouin vibe,4.9,https://www.getyourguide.com/hurghada-l403/hurghada-3-hour-camel-riding-with-bedouin-vibe-t654616/?ranking_uuid=bafab776-097e-4b17-8973-a73525a56297,Hurghada,Camel Tours,2001,1700,3,Mid Range
9038,Cairo: Giza Pyramids Tour with Camel Ride and Tickets,4.5,https://www.getyourguide.com/cairo-l92/cairo-giza-pyramids-with-camel-ride-include-tickets-t462358/?ranking_uuid=bafab776-097e-4b17-8973-a73525a56297,Giza,Camel Tours,2633,2633,0,Mid Range
9039,"Hurghada: Safari Jeep, Buggy, Camel, Quad, Bedouin Dinner",4.3,https://www.getyourguide.com/hurghada-l403/hurghada-safari-jeep-buggy-camel-quad-bedouin-dinner-t540592/?ranking_uuid=bafab776-097e-4b17-8973-a73525a56297,Hurghada,Camel Tours,2046,1534,3,Mid Range
9040,"Hurghada: Quad, Jeep, Camel and Buggy Safari with BBQ Dinner",4.3,https://www.getyourguide.com/hurghada-l403/hurghada-quad-jeep-camel-and-buggy-safari-with-bbq-dinner-t22269/?ranking_uuid=bafab776-097e-4b17-8973-a73525a56297,Hurghada,Camel Tours,1715,1200,3,Mid Range
9041,Marsa Alam: Sea and Desert Camel Riding Tour,4.5,https://www.getyourguide.com/marsa-alam-l422/marsa-alam-sea-and-desert-camel-riding-tour-t568860/?ranking_uuid=bafab776-097e-4b17-8973-a73525a56297,Marsa Alam,Camel Tours,4775,2387,9,Mid Range
9042,From Cairo: Bahariya Oasis and Black and White Desert Tour,4.4,https://www.getyourguide.com/cairo-l92/day-tour-of-bahariya-oasis-and-black-white-desert-t455820/?ranking_uuid=bafab776-097e-4b17-8973-a73525a56297,Cairo,Camel Tours,10328,10328,1,Luxury
9043,Cairo: Private Tour to Giza Pyramids with Camel Ride & Lunch,4.6,https://www.getyourguide.com/cairo-l92/cairo-private-half-day-to-the-giza-pyramids-t465100/?ranking_uuid=bafab776-097e-4b17-8973-a73525a56297,Giza,Camel Tours,1580,1580,0,Mid Range
9044,"Hurghada: Sunrise VIP Quad Bike, Camel and Bedouin Breakfast",4,https://www.getyourguide.com/hurghada-l403/hurghada-sunrise-vip-quad-bike-camel-and-bedouin-breakfast-t568406/?ranking_uuid=bafab776-097e-4b17-8973-a73525a56297,Hurghada,Camel Tours,1159,695,3,Mid Range
9045,Giza: Pyramids at Sunset Guided Camel Tour,3.6,https://www.getyourguide.com/giza-l915/giza-pyramids-at-sunset-guided-camel-tour-t430035/?ranking_uuid=bafab776-097e-4b17-8973-a73525a56297,Giza,Camel Tours,1023,665,0,Mid Range
9046,Sharm El Sheikh Camel Riding Safari Tour,3.6,https://www.getyourguide.com/sharm-el-sheikh-l408/sharm-el-sheikh-camel-riding-safari-tour-t429881/?ranking_uuid=683b7826-504c-4167-b579-271d5b212d6f,Sharm El Sheikh,Camel Tours,1422,1422,2,Mid Range
9047,"Hurghada: Private ATV Safari, Bedouin Village, & Camel Ride",4,https://www.getyourguide.com/hurghada-l403/hurghada-private-atv-safari-bedouin-village-camel-ride-t429956/?ranking_uuid=683b7826-504c-4167-b579-271d5b212d6f,Hurghada,Camel Tours,1705,1023,3,Mid Range
9048,"Cairo: Giza Pyramids, Egyptian Museum Day-Trip, Camel, Lunch",4.9,https://www.getyourguide.com/cairo-l92/cairo-giza-pyramids-egyptian-museum-day-trip-camel-lunch-t489559/?ranking_uuid=683b7826-504c-4167-b579-271d5b212d6f,Giza,Camel Tours,1316,1316,0,Mid Range
9049,El Gouna: Morning Quad Bike & Camel Safari,3.8,https://www.getyourguide.com/el-gouna-l1051/el-gouna-morning-quad-bike-safari-t512701/?ranking_uuid=683b7826-504c-4167-b579-271d5b212d6f,El Gouna,Camel Tours,1841,1381,10,Mid Range
9050,30 Minute Camel Ride At Giza Pyramids,3.5,https://www.getyourguide.com/giza-l915/30-minute-camel-ride-at-giza-pyramids-t600771/?ranking_uuid=683b7826-504c-4167-b579-271d5b212d6f,Giza,Camel Tours,526,526,0,Mid Range
9051,1-Hour Camel Ride At Giza Pyramids,4.5,https://www.getyourguide.com/giza-l915/1-hour-camel-ride-at-giza-pyramids-t600778/?ranking_uuid=683b7826-504c-4167-b579-271d5b212d6f,Giza,Camel Tours,1580,1580,0,Mid Range
9052,Luxor: Scenic Camel or Horse Ride,3.8,https://www.getyourguide.com/luxor-l109/luxor-camel-and-horse-ride-t464735/?ranking_uuid=683b7826-504c-4167-b579-271d5b212d6f,Luxor,Camel Tours,790,790,18,Mid Range
9053,Marsa Alam: Desert Stargazing Tour with Camel Ride & Dinner,4.3,https://www.getyourguide.com/marsa-alam-l422/marsa-alam-desert-star-watching-with-camel-dinner-t444061/?ranking_uuid=683b7826-504c-4167-b579-271d5b212d6f,Marsa Alam,Camel Tours,4745,4745,9,Luxury
9054,Hurghada: Quad Bike and Camel Ride with Dinner and Show,4.6,https://www.getyourguide.com/hurghada-l403/hurghada-quad-bike-and-camel-ride-with-dinner-and-show-t635215/?ranking_uuid=683b7826-504c-4167-b579-271d5b212d6f,Hurghada,Camel Tours,2229,2229,3,Mid Range
9055,"Cairo: Pyramids Camel Ride, Dinner and Sound & Light Show",4.2,https://www.getyourguide.com/cairo-l92/camel-ride-at-the-pyramids-dinner-with-sound-light-show-t448313/?ranking_uuid=683b7826-504c-4167-b579-271d5b212d6f,Cairo,Camel Tours,5582,5582,1,Luxury
9056,"Cairo: Pyramids, Bazaar, Citadel Tour with Photographer",4.9,https://www.getyourguide.com/cairo-l92/cairo-pyramid-tour-with-camel-ride-and-private-photographer-t273682/?ranking_uuid=683b7826-504c-4167-b579-271d5b212d6f,Cairo,Camel Tours,3792,3792,1,Luxury
9057,Cairo: Bahariya Oasis and White Desert 3-Day Private Journey,4.4,https://www.getyourguide.com/cairo-l92/cairo-bahariya-oasis-and-white-desert-3-day-private-journey-t444204/?ranking_uuid=683b7826-504c-4167-b579-271d5b212d6f,Cairo,Camel Tours,13114,13114,1,Luxury
9058,Cairo: Sunset Pyramids Quad Biking Adventure,4.1,https://www.getyourguide.com/cairo-l92/sunset-pyramids-adventure-t553765/?ranking_uuid=683b7826-504c-4167-b579-271d5b212d6f,Cairo,Camel Tours,2896,2896,1,Mid Range
9059,Cairo: Private Arabian Horse Ride at the Giza Pyramids,3.4,https://www.getyourguide.com/cairo-l92/private-arabian-horses-ride-at-the-pyramids-with-pickup-t451458/?ranking_uuid=2b51cc52-725e-452f-94f9-72b663422f14,Giza,Camel Tours,3614,3614,0,Luxury
9060,Hurghada: Camel Ride & horse ride and Off-Road Jeep Tour,4.5,https://www.getyourguide.com/hurghada-l403/hurghada-camel-ride-horse-ride-and-off-road-jeep-tour-t635267/?ranking_uuid=2b51cc52-725e-452f-94f9-72b663422f14,Hurghada,Camel Tours,2286,2286,3,Mid Range
9061,From Cairo: Camel or Horse Ride Tour Around Giza Pyramids,4.5,https://www.getyourguide.com/giza-l915/from-cairo-giza-pyramids-tour-by-camel-or-horse-t443266/?ranking_uuid=2b51cc52-725e-452f-94f9-72b663422f14,Giza,Camel Tours,2791,2791,0,Mid Range
9062,Dahab Safari from Sharm El-Sheikh: Canyon Salama & Blue Hole,4.5,https://www.getyourguide.com/sharm-el-sheikh-l408/dahab-safari-from-sharm-el-sheikh-canyon-salama-blue-hole-t447708/?ranking_uuid=2b51cc52-725e-452f-94f9-72b663422f14,Dahab,Camel Tours,3686,3686,11,Luxury
9063,Bahariya Oasis Visit Black And White Desert From Cairo,5,https://www.getyourguide.com/cairo-l92/bahariya-oasis-visit-black-and-white-desert-from-airport-t638544/?ranking_uuid=2b51cc52-725e-452f-94f9-72b663422f14,Cairo,Camel Tours,9558,9558,1,Luxury
9064,From Cairo: Giza Pyramids Tour by Camel,4.8,https://www.getyourguide.com/cairo-l92/from-cairo-giza-pyramids-tour-by-camel-t443246/?ranking_uuid=2b51cc52-725e-452f-94f9-72b663422f14,Giza,Camel Tours,5319,5319,0,Luxury
9065,Cairo: Pyramids Arabian Horse or Camel Ride with Bedouin Tea,4.6,https://www.getyourguide.com/giza-l915/cairo-arabian-horse-or-camel-ride-with-bedouin-tea-t686034/?ranking_uuid=2b51cc52-725e-452f-94f9-72b663422f14,Cairo,Camel Tours,4287,4287,1,Luxury
9066,Cairo: Sunset or Sunrise Camel Ride at The Giza Pyramids,2.4,https://www.getyourguide.com/cairo-l92/camel-ride-at-the-pyramids-during-sunset-or-sunrise-t455918/?ranking_uuid=2b51cc52-725e-452f-94f9-72b663422f14,Giza,Camel Tours,2323,2323,0,Mid Range
9067,"Tour Giza Pyramids, Sphinx with Camel Ride and Quad",4.3,https://www.getyourguide.com/giza-l915/tour-giza-pyramids-sphinx-with-camel-ride-and-quad-t489682/?ranking_uuid=2b51cc52-725e-452f-94f9-72b663422f14,Giza,Camel Tours,4950,4950,0,Luxury
9068,Cairo: 4-Day Private Safari Adventure To Bahariya Oasis !,4.7,https://www.getyourguide.com/cairo-l92/cairo-4-days-white-desert-and-bahariya-oasis-tour-t444270/?ranking_uuid=2b51cc52-725e-452f-94f9-72b663422f14,Cairo,Camel Tours,24806,24806,1,Luxury
9069,Cairo: Giza Pyramids Camel Ride and Egyptian Museum Tour,4.1,https://www.getyourguide.com/cairo-l92/cairo-giza-pyramids-camel-ride-and-egyptian-museum-tour-t442816/?ranking_uuid=2b51cc52-725e-452f-94f9-72b663422f14,Giza,Camel Tours,7373,7373,0,Luxury
9070,From Sharm El Sheikh: Cairo Private Day Trip By Private Car,4.4,https://www.getyourguide.com/giza-l915/from-sharm-el-sheikh-cairo-private-day-trip-by-private-car-t535280/?ranking_uuid=2b51cc52-725e-452f-94f9-72b663422f14,Cairo,Camel Tours,15047,15047,1,Luxury
9071,Cairo: Siwa Oasis & Shali Fortress All inclusive 3 days Tour,4.6,https://www.getyourguide.com/cairo-l92/cairo-siwa-oasis-shali-fortress-all-inclusive-3-days-tour-t767749/?ranking_uuid=2b51cc52-725e-452f-94f9-72b663422f14,Cairo,Camel Tours,18580,18580,1,Luxury
9072,Explore Fayoum!,4.3,https://www.getyourguide.com/cairo-l92/explore-fayoum-t856617/?ranking_uuid=2b51cc52-725e-452f-94f9-72b663422f14,Fayoum,Camel Tours,13642,13642,6,Luxury
9073,From Cairo: Great Pyramid of Giza & Wadi El Rayan Oasis Tour,3.7,https://www.getyourguide.com/petropolis-l1831/from-cairo-great-pyramid-of-giza-wadi-el-rayan-oasis-tour-t890849/?ranking_uuid=2b51cc52-725e-452f-94f9-72b663422f14,Giza,Camel Tours,2046,1534,0,Mid Range
9074,"El Gouna: Jeep, Camel, Buggy, Safari to Sahara Park Hurghada",5,https://www.getyourguide.com/hurghada-l403/el-gouna-jeep-camel-buggy-safari-to-sahara-park-hurghada-t540244/?ranking_uuid=ae397e18-7470-4fbc-a057-76215789f3c2,Hurghada,Camel Tours,18118,18118,3,Luxury
9075,"Cairo: 2-Day White Desert, Bahariya Oasis & El-Fayoum Tour",4.2,https://www.getyourguide.com/cairo-l92/2-day-cairo-adventure-tours-t451086/?ranking_uuid=ae397e18-7470-4fbc-a057-76215789f3c2,Cairo,Camel Tours,4287,4287,1,Luxury
9076,"From Cairo & Giza: Pyramids, Camel Ride, & Museum Day Trip",3.7,https://www.getyourguide.com/cairo-l92/all-inclusive-trip-pyramids-sphinx-camel-riding-museum-t521725/?ranking_uuid=ae397e18-7470-4fbc-a057-76215789f3c2,Giza,Camel Tours,4287,4287,0,Luxury
9077,"Tour to explore pyramids of giza,step pyramids and Memphies",5,https://www.getyourguide.com/giza-l915/tour-to-explore-pyramids-of-gizastep-pyramids-and-memphies-t447159/?ranking_uuid=ae397e18-7470-4fbc-a057-76215789f3c2,Giza,Camel Tours,1948,1948,0,Mid Range
9078,Hurghada: Guided Sunset Desert Safari Trip by Quad Bike,4.3,https://www.getyourguide.com/hurghada-l403/hurghada-sunset-desert-safari-trip-by-quad-bike-t447795/?ranking_uuid=ae397e18-7470-4fbc-a057-76215789f3c2,Hurghada,Camel Tours,2686,2686,3,Mid Range
9079,"Sharm El Sheikh: Quad Biking, Camel Ride & Bedouin Dinner.",4.6,https://www.getyourguide.com/sharm-el-sheikh-l408/sharm-el-sheikh-quad-biking-camel-ride-bedouin-dinner-t447573/?ranking_uuid=ae397e18-7470-4fbc-a057-76215789f3c2,Sharm El Sheikh,Camel Tours,1715,909,2,Mid Range
9080,"VIP Cairo Experience: Pyramids, ATV Adventure and Camel ride",4.3,https://www.getyourguide.com/cairo-l92/vip-cairo-experience-pyramids-atv-adventure-and-camel-ride-t686029/?ranking_uuid=ae397e18-7470-4fbc-a057-76215789f3c2,Cairo,Camel Tours,12278,9208,1,Luxury
9081,"Hurghada: 4 Days Tour Horse, Camel, Spa, ATV, Jeep & Dolphin",4.3,https://www.getyourguide.com/makadi-bay-l4675/hurghada-4-days-tour-horse-camel-spa-atv-jeep-dolphin-t541097/?ranking_uuid=ae397e18-7470-4fbc-a057-76215789f3c2,Hurghada,Camel Tours,1580,1580,3,Mid Range
9082,Desert Safari Around The Pyramids of Giza With Camel Riding,4,https://www.getyourguide.com/giza-governorate-l914/desert-safari-around-the-pyramids-of-giza-with-camel-riding-t596294/?ranking_uuid=ae397e18-7470-4fbc-a057-76215789f3c2,Giza,Camel Tours,2182,1309,0,Mid Range
9083,"Hurghada: Quad Bike Safari, Camel Horse Ride, Dinner & Shows",5,https://www.getyourguide.com/hurghada-l403/hurghada-atv-bike-camel-horse-ride-with-bbq-stargazing-t516030/?ranking_uuid=ae397e18-7470-4fbc-a057-76215789f3c2,Hurghada,Camel Tours,7373,7373,3,Luxury
10000,Hurghada or Makadi: Discover the Magic of Dolphin House,4.9,https://www.getyourguide.com/hurghada-l403/hurghada-or-makadi-discover-the-magic-of-dolphin-house-t482952/?ranking_uuid=1bc638a3-6fd9-40cd-b19b-b624281be2b4,Hurghada,Diving,1715,1320,3,Mid Range
10001,Hurghada: Luxury Cruise Trip to Orange Bay with Lunch,4.9,https://www.getyourguide.com/hurghada-l403/hurghada-luxury-sailing-trip-to-orange-bay-with-lunch-t387390/?ranking_uuid=1bc638a3-6fd9-40cd-b19b-b624281be2b4,Hurghada,Diving,2949,2802,3,Mid Range
10002,Hurghada: Royal Seascope Submarine Cruise with Snorkel Stop,4.5,https://www.getyourguide.com/hurghada-l403/hurghada-semi-submarine-cruise-with-snorkel-stop-and-pickup-t455967/?ranking_uuid=1bc638a3-6fd9-40cd-b19b-b624281be2b4,Hurghada,Diving,1264,884,3,Mid Range
10003,Hurghada: 6 Islands Tour with Dolphin Watching & Snorkelling,4.7,https://www.getyourguide.com/hurghada-l403/hurghada-6-islands-tour-with-dolphin-watching-snorkelling-t641548/?ranking_uuid=1bc638a3-6fd9-40cd-b19b-b624281be2b4,Hurghada,Diving,2972,2675,3,Mid Range
10004,"Giza: Sakkara, Memphis & Dahshur (Pyramid & Felucca Options)",4.8,https://www.getyourguide.com/cairo-l92/giza-sakkara-memphis-dahshur-pyramid-felucca-options-t429991/?ranking_uuid=1bc638a3-6fd9-40cd-b19b-b624281be2b4,Giza,Diving,1364,682,0,Mid Range
10005,Intro Diving Beginner and Discover Red Sea Underwater,4.7,https://www.getyourguide.com/hurghada-l403/intro-diving-beginner-and-discover-red-sea-underwater-t714691/?ranking_uuid=1bc638a3-6fd9-40cd-b19b-b624281be2b4,Red Sea,Diving,1843,1843,13,Mid Range
10006,Hurghada: Full-Day Boat Trip with 2 Scuba Dives,4.8,https://www.getyourguide.com/hurghada-l403/hurghada-full-day-boat-trip-with-2-scuba-dives-t792868/?ranking_uuid=1bc638a3-6fd9-40cd-b19b-b624281be2b4,Hurghada,Diving,2286,2286,3,Mid Range
10007,Hurghada: Sindbad Submarines Red Sea Underwater Adventure,5,https://www.getyourguide.com/hurghada-l403/hurghada-sindbad-submarines-red-sea-underwater-adventure-t926200/?ranking_uuid=1bc638a3-6fd9-40cd-b19b-b624281be2b4,Hurghada,Diving,3944,3550,3,Luxury
10008,Hurghada: 3-Island Tour with Dolphin Watching and Snorkeling,4.7,https://www.getyourguide.com/hurghada-l403/hurghada-speedboat-7-in-one-trip-with-snorkeling-lunch-t450353/?ranking_uuid=1bc638a3-6fd9-40cd-b19b-b624281be2b4,Hurghada,Diving,2572,2315,3,Mid Range
10009,Cairo: Dinner Cruise on the Nile River,4.2,https://www.getyourguide.com/cairo-l92/cairo-dinner-cruise-on-the-nile-river-t11785/?ranking_uuid=1bc638a3-6fd9-40cd-b19b-b624281be2b4,Cairo,Diving,682,341,1,Economic
10010,Hurghada: Paradise Speedboat w/ Optional Snorkeling & Lunch,4.8,https://www.getyourguide.com/hurghada-l403/hurghada-paradise-island-by-speedboat-w-snorkeling-lunch-t741085/?ranking_uuid=1bc638a3-6fd9-40cd-b19b-b624281be2b4,Hurghada,Diving,1053,1053,3,Mid Range
10011,Marsa Alam: Royal Seascope Submarine Cruise with Pickup,4.3,https://www.getyourguide.com/marsa-alam-l422/royal-seascope-submarine-marsa-alam-port-ghalib-t457975/?ranking_uuid=1bc638a3-6fd9-40cd-b19b-b624281be2b4,Marsa Alam,Diving,2633,2422,9,Mid Range
10012,Cairo: Salah El Din Citadel and Old Cairo Bazar Guided Tour,4.9,https://www.getyourguide.com/cairo-l92/cairo-salah-el-din-citadel-and-old-cairo-bazaar-guided-tour-t430009/?ranking_uuid=1bc638a3-6fd9-40cd-b19b-b624281be2b4,Cairo,Diving,1637,1064,1,Mid Range
10013,Hurghada: Luxury Snorkeling 5 x 1 Yacht Trip to Orange Bay,4.9,https://www.getyourguide.com/hurghada-l403/hurghada-luxury-snorkeling-5-x-1-yacht-trip-to-orange-bay-t339351/?ranking_uuid=1bc638a3-6fd9-40cd-b19b-b624281be2b4,Hurghada,Diving,3423,2567,3,Mid Range
10014,Cairo: 1 or 2-Hour Felucca Ride on the Nile with Transfers,3.7,https://www.getyourguide.com/cairo-l92/cairo-2-hour-felucca-ride-on-the-nile-t47746/?ranking_uuid=cdfbd452-8e29-412f-96ff-7ec3cb587a8c,Cairo,Diving,1023,767,1,Mid Range
10015,Hurghada: Full-Day Scuba Diving Tour with 2 Sites and Lunch,4.7,https://www.getyourguide.com/hurghada-l403/hurghada-discovery-scuba-diving-t258312/?ranking_uuid=cdfbd452-8e29-412f-96ff-7ec3cb587a8c,Hurghada,Diving,3430,3430,3,Luxury
10016,"Hurghada: 1, 2, 3, 4, or, 5-Day Scuba Diving Package",4.2,https://www.getyourguide.com/hurghada-l403/hurghada-intro-1-2-3-4-or-5-day-diving-package-5-star-t330276/?ranking_uuid=cdfbd452-8e29-412f-96ff-7ec3cb587a8c,Hurghada,Diving,2858,2858,3,Mid Range
10017,Sharm El Sheikh: Ras Mohamed & White Island Snorkel or Dive,4.1,https://www.getyourguide.com/sharm-el-sheikh-l408/sharm-el-sheikh-ras-mohamed-white-island-snorkel-or-dive-t383266/?ranking_uuid=cdfbd452-8e29-412f-96ff-7ec3cb587a8c,Sharm El Sheikh,Diving,2058,2058,2,Mid Range
10018,Hurghada: Hula Hula Speedboat w/ Optional Snorkeling & Lunch,4.8,https://www.getyourguide.com/hurghada-l403/hurghada-hula-hula-speedboat-w-optional-snorkeling-lunch-t741086/?ranking_uuid=cdfbd452-8e29-412f-96ff-7ec3cb587a8c,Hurghada,Diving,1053,790,3,Mid Range
10019,Cairo/Giza: Egyptian Museum and Khan el-Khalili Guided Tour,4.7,https://www.getyourguide.com/cairo-l92/cairo-egyptian-museum-and-old-cairo-bazaar-guided-tour-t430007/?ranking_uuid=cdfbd452-8e29-412f-96ff-7ec3cb587a8c,Giza,Diving,1500,975,0,Mid Range
10020,"Hurghada: Diving cruise with snorkeling, Lunch & Drinks",4.7,https://www.getyourguide.com/hurghada-l403/hurghada-diving-cruise-with-snorkeling-lunch-drinks-t574308/?ranking_uuid=cdfbd452-8e29-412f-96ff-7ec3cb587a8c,Hurghada,Diving,1843,1106,3,Mid Range
10021,"Sharm El-Sheikh: Parasailing, Camel Ride, Dive & Quad Bike",4.2,https://www.getyourguide.com/sharm-el-sheikh-l408/sharm-el-sheikh-parasailing-camel-ride-dive-quad-bike-t383255/?ranking_uuid=cdfbd452-8e29-412f-96ff-7ec3cb587a8c,Sharm El Sheikh,Diving,2286,2286,2,Mid Range
10022,"Cairo/Giza: Guided Pyramids, Sphinx and Egyptian Museum Tour",4.7,https://www.getyourguide.com/cairo-l92/cairo-guided-pyramids-and-egyptian-museum-tour-with-tickets-t429987/?ranking_uuid=cdfbd452-8e29-412f-96ff-7ec3cb587a8c,Giza,Diving,1364,682,0,Mid Range
10023,From Hurghada: Scuba Diving with Expert Guide & 2 Dives,4.3,https://www.getyourguide.com/hurghada-l403/from-hurghada-scuba-diving-with-expert-guide-2-dives-t447949/?ranking_uuid=cdfbd452-8e29-412f-96ff-7ec3cb587a8c,Hurghada,Diving,4634,4634,3,Luxury
10024,Sharm El Sheikh: Luxury boat Cruise with Snorkeling & Lunch,4.3,https://www.getyourguide.com/sharm-el-sheikh-l408/sharm-el-sheikh-luxury-boat-cruise-with-snorkeling-lunch-t688841/?ranking_uuid=cdfbd452-8e29-412f-96ff-7ec3cb587a8c,Sharm El Sheikh,Diving,1843,1382,2,Mid Range
10025,"Cairo/Giza: Pyramids, Memphis, and Sakkara Day Tour",4.6,https://www.getyourguide.com/cairo-l92/cairogiza-pyramids-memphis-and-sakkara-day-tour-t11726/?ranking_uuid=cdfbd452-8e29-412f-96ff-7ec3cb587a8c,Giza,Diving,3410,1705,0,Mid Range
10026,"El Gouna Lagoon, Diving with Dolphin, Snorkeling & Lunch",4.3,https://www.getyourguide.com/el-gouna-l1051/el-gouna-lagoon-diving-with-dolphin-snorkeling-lunch-t829932/?ranking_uuid=cdfbd452-8e29-412f-96ff-7ec3cb587a8c,El Gouna,Diving,2286,1715,10,Mid Range
10027,Hurghada:Luxury Diving & Snorkeling inc/Island/Lunch/Massage,4.9,https://www.getyourguide.com/hurghada-l403/hurghada-luxury-diving-snorkeling-incislandlunchdrinks-t763869/?ranking_uuid=cdfbd452-8e29-412f-96ff-7ec3cb587a8c,Hurghada,Diving,3160,3160,3,Luxury
10028,Hurghada: Elegance Yacht Cruise To Orange bay Island W lunch,4.7,https://www.getyourguide.com/hurghada-l403/hurghada-go-luxury-to-orange-bay-with-snorkelling-lunch-t570337/?ranking_uuid=cdfbd452-8e29-412f-96ff-7ec3cb587a8c,Hurghada,Diving,2858,2572,3,Mid Range
10029,"Hurghada: Luxury Orange Bay w/Massage, Water Sports & Diving",4.9,https://www.getyourguide.com/hurghada-l403/hurghadasnorkeling-yacht-5-in-1-with-sea-food-and-diving-t377266/?ranking_uuid=b4a32dae-65df-4724-887f-30bc3cd45e47,Hurghada,Diving,3370,3370,3,Luxury
10030,Hurghada: Orange Bay Snorkeling with Lunch & Optional Diving,4.6,https://www.getyourguide.com/hurghada-l403/hurghada-orange-bay-snorkeling-with-lunch-optional-diving-t313673/?ranking_uuid=b4a32dae-65df-4724-887f-30bc3cd45e47,Hurghada,Diving,545,272,3,Economic
10031,Hurghada: Empire Submarine Boat Trip with Snorkel and Drinks,3.4,https://www.getyourguide.com/hurghada-l403/hurghada-empire-submarine-boat-trip-with-snorkel-and-drinks-t246912/?ranking_uuid=b4a32dae-65df-4724-887f-30bc3cd45e47,Hurghada,Diving,1086,814,3,Mid Range
10032,From El Gouna: Royal Seascope Submarine with Snorkel Stop,4,https://www.getyourguide.com/el-gouna-l1051/from-el-gouna-royal-seascope-submarine-with-snorkeling-t477803/?ranking_uuid=b4a32dae-65df-4724-887f-30bc3cd45e47,El Gouna,Diving,1053,895,10,Mid Range
10033,Pivate scuba diving in the Red Sea of Aqaba,5,https://www.getyourguide.com/aqaba-l1037/pivate-scuba-diving-in-the-red-sea-of-aqaba-t471291/?ranking_uuid=b4a32dae-65df-4724-887f-30bc3cd45e47,Red Sea,Diving,2747,2747,13,Mid Range
10034,Sharm El-Sheikh: Ras Mohammed & White Island Cruise,3.7,https://www.getyourguide.com/sharm-el-sheikh-l408/sharm-el-sheikh-ras-mohammed-white-island-cruise-t654715/?ranking_uuid=b4a32dae-65df-4724-887f-30bc3cd45e47,Sharm El Sheikh,Diving,1315,657,2,Mid Range
10035,"Hurghada: 2, 3, or 4-Day PADI Diving Courses for All Levels",4.5,https://www.getyourguide.com/hurghada-l403/hurghada-2-3-or-4-day-padi-diving-courses-for-all-levels-t326017/?ranking_uuid=b4a32dae-65df-4724-887f-30bc3cd45e47,Hurghada,Diving,16007,16007,3,Luxury
10036,Cairo: Cairo Tower Tour with Hotel Pickup and Drop-Off,4.1,https://www.getyourguide.com/cairo-l92/cairo-cairo-tower-tour-with-hotel-pickup-and-drop-off-t430053/?ranking_uuid=b4a32dae-65df-4724-887f-30bc3cd45e47,Cairo,Diving,2728,1773,1,Mid Range
10037,Hurghada: Scenic Submarine Tour with Snorkeling and Transfer,3.7,https://www.getyourguide.com/hurghada-l403/hurghada-scenic-submarine-tour-with-snorkeling-and-transfer-t513680/?ranking_uuid=b4a32dae-65df-4724-887f-30bc3cd45e47,Hurghada,Diving,1086,923,3,Mid Range
10038,Sharm El-Sheikh: Guided Shore Scuba Diving at 2 Dives,5,https://www.getyourguide.com/sharm-el-sheikh-l408/sharm-el-sheikh-scuba-diving-2-dives-from-the-shore-t446862/?ranking_uuid=b4a32dae-65df-4724-887f-30bc3cd45e47,Sharm El Sheikh,Diving,4476,4476,2,Luxury
10039,Hurghada: PADI Diving Courses packages,4.5,https://www.getyourguide.com/hurghada-l403/hurghada-padi-diving-courses-packages-t906057/?ranking_uuid=b4a32dae-65df-4724-887f-30bc3cd45e47,Hurghada,Diving,1316,1185,3,Mid Range
10040,Hurghada: Elegance Yacht Cruise To Orange & Magawish island,4.6,https://www.getyourguide.com/hurghada-l403/hurghada-luxury-boat-trip-to-orange-magawish-island-t570125/?ranking_uuid=b4a32dae-65df-4724-887f-30bc3cd45e47,Hurghada,Diving,3430,3087,3,Luxury
10041,Half-Day Cairo Sightseeing Tour to Pyramids of Giza & Sphinx,4.2,https://www.getyourguide.com/pyramids-of-giza-l4184/cairo-half-day-sightseeing-tour-to-pyramids-of-giza-sphinx-t11778/?ranking_uuid=b4a32dae-65df-4724-887f-30bc3cd45e47,Giza,Diving,2387,1193,0,Mid Range
10042,Cairo: Tour of Azhar Masjid and Cairo Islamic Sites,4.3,https://www.getyourguide.com/cairo-l92/cairo-tour-of-azhar-masjid-and-cairo-islamic-sites-t430028/?ranking_uuid=e2fb22b5-e363-48d6-a095-edf96b54e211,Cairo,Diving,4092,2046,1,Mid Range
10043,Cairo: Private Pharaonic Village Tour With Tansfer and Lunch,4.5,https://www.getyourguide.com/cairo-l92/cairo-private-pharaonic-village-tour-with-tansfer-and-lunch-t601301/?ranking_uuid=e2fb22b5-e363-48d6-a095-edf96b54e211,Cairo,Diving,2387,1551,1,Mid Range
10044,"Cairo: 2-Day Pyramid, Museum, Bazaar Private Tour",4.5,https://www.getyourguide.com/cairo-l92/cairo-2-day-highlights-guided-tour-t278662/?ranking_uuid=e2fb22b5-e363-48d6-a095-edf96b54e211,Cairo,Diving,4092,2046,1,Mid Range
10045,Hurghada: Dolphin House Boat Trip with Snorkeling,4.8,https://www.getyourguide.com/hurghada-l403/hurghada-dolphin-house-boat-trip-with-snorkeling-t792871/?ranking_uuid=e2fb22b5-e363-48d6-a095-edf96b54e211,Hurghada,Diving,1143,629,3,Mid Range
10046,Cairo: VIP Pyramids Sound & Light Show With Private Transfer,3.4,https://www.getyourguide.com/cairo-l92/cairo-vip-pyramids-sound-light-show-with-private-transfer-t601772/?ranking_uuid=e2fb22b5-e363-48d6-a095-edf96b54e211,Cairo,Diving,3069,1995,1,Mid Range
10047,Hurghada : Diving & Snorkeling Cruise Tour w Lunch & Drinks,4.5,https://www.getyourguide.com/hurghada-l403/hurghada-diving-snorkeling-cruise-tour-w-lunch-drinks-t684180/?ranking_uuid=e2fb22b5-e363-48d6-a095-edf96b54e211,Hurghada,Diving,1257,943,3,Mid Range
10048,"Sharm to Dahab: Colored Canyon, Blue Hole, Qude Bike, Camels",3,https://www.getyourguide.com/dahab-l884/dahab-quad-biking-snorkelling-diving-and-camel-ride-t383239/?ranking_uuid=e2fb22b5-e363-48d6-a095-edf96b54e211,Dahab,Diving,2858,2858,11,Mid Range
10049,Half-Day: Professionals Diving in Open Water Tour with Lunch,4.2,https://www.getyourguide.com/hurghada-l403/half-day-scuba-diving-hurghada-t32579/?ranking_uuid=e2fb22b5-e363-48d6-a095-edf96b54e211,Sinai,Diving,3634,3634,12,Luxury
10050,Hurghada: Full Day Escape To Magawish Island By Speedboat,4.7,https://www.getyourguide.com/hurghada-l403/hurghada-full-day-escape-to-magawish-island-by-speedboat-t831510/?ranking_uuid=e2fb22b5-e363-48d6-a095-edf96b54e211,Hurghada,Diving,2858,2858,3,Mid Range
10051,"Hurghada Scuba Diving Trip with Pick-up, Lunch",4.4,https://www.getyourguide.com/hurghada-l403/full-day-scuba-diving-snorkeling-and-pick-up-lunch-t496861/?ranking_uuid=e2fb22b5-e363-48d6-a095-edf96b54e211,Hurghada,Diving,3054,3054,3,Luxury
10052,From Sharm or Dahab: Blue Hole & Canyon Sea Dive Experience,4.6,https://www.getyourguide.com/sharm-el-sheikh-l408/from-sharm-or-dahab-blue-hole-canyon-sea-dive-experience-t383301/?ranking_uuid=e2fb22b5-e363-48d6-a095-edf96b54e211,Dahab,Diving,8575,8575,11,Luxury
10053,Diving Tour Exploring Alexandria's Underwater Secrets,4.3,https://www.getyourguide.com/alexandria-l490/diving-tour-exploring-alexandria-s-underwater-secrets-t683417/?ranking_uuid=e2fb22b5-e363-48d6-a095-edf96b54e211,Alexandria,Diving,16853,16853,5,Luxury
10054,Sharm el Sheikh: PADI Diving Courses Package,4.5,https://www.getyourguide.com/sharm-el-sheikh-l408/sharm-el-sheikh-padi-diving-courses-package-t893384/?ranking_uuid=e2fb22b5-e363-48d6-a095-edf96b54e211,Sharm El Sheikh,Diving,1316,1185,2,Mid Range
10055,Hurghada- RedSea: Shore Diving with Private Transfers,4.4,https://www.getyourguide.com/hurghada-l403/hurghada-redsea-shore-diving-with-private-transfers-t360635/?ranking_uuid=05fb278b-cb5f-40a5-b9e7-d8868954d248,Hurghada,Diving,4002,4002,3,Luxury
10056,Sharm el Sheikh Port : Ras Mohammed Dive Trip with Lunch,5,https://www.getyourguide.com/sharm-el-sheikh-l408/from-sharm-el-sheikh-trip-to-ras-mohammed-t452743/?ranking_uuid=05fb278b-cb5f-40a5-b9e7-d8868954d248,Sharm El Sheikh,Diving,10902,10902,2,Luxury
10057,"Hurghada: 1 day DIVING Refrechment, 1 Check & Reef dives",5,https://www.getyourguide.com/hurghada-l403/hurghada-1-day-diving-refrechment-1-check-reef-dives-t315772/?ranking_uuid=05fb278b-cb5f-40a5-b9e7-d8868954d248,Hurghada,Diving,7432,7432,3,Luxury
10058,From Alexandria Port: City Tour with Citadel and Catacombs,4.5,https://www.getyourguide.com/alexandria-l490/from-alexandria-port-day-tour-of-alexandria-t451400/?ranking_uuid=05fb278b-cb5f-40a5-b9e7-d8868954d248,Alexandria,Diving,13272,13272,5,Luxury
110000,Hurghada: Royal Seascope Submarine Cruise with Snorkel Stop,4.5,https://www.getyourguide.com/hurghada-l403/hurghada-semi-submarine-cruise-with-snorkel-stop-and-pickup-t455967/?ranking_uuid=3da7838c-97dd-4304-8d78-02446f06812e,Hurghada,Submarine Tours,1264,884,3,Mid Range
110001,Sharm El-Sheikh: Seascope Submarine boat cruise with pickup,4.5,https://www.getyourguide.com/sharm-el-sheikh-l408/sharm-el-sheikh-glass-bottom-boat-cruise-with-pickup-t531359/?ranking_uuid=3da7838c-97dd-4304-8d78-02446f06812e,Sharm El Sheikh,Submarine Tours,2370,1919,2,Mid Range
110002,Hurghada: Semi-Submarine Boat Tour w/ Snorkeling & Transfer,4.2,https://www.getyourguide.com/hurghada-l403/hurghada-semi-submarine-boat-tour-w-snorkeling-transfer-t585069/?ranking_uuid=3da7838c-97dd-4304-8d78-02446f06812e,Hurghada,Submarine Tours,421,316,3,Economic
110003,Hurghada: Sindbad Submarines Red Sea Underwater Adventure,5,https://www.getyourguide.com/hurghada-l403/hurghada-sindbad-submarines-red-sea-underwater-adventure-t926200/?ranking_uuid=3da7838c-97dd-4304-8d78-02446f06812e,Hurghada,Submarine Tours,3944,3550,3,Luxury
110004,Hurghada: Panoramic Semi-Submarine Cruise with Snorkeling,4.5,https://www.getyourguide.com/hurghada-l403/panorama-semi-submarine-hurghada-t440820/?ranking_uuid=3da7838c-97dd-4304-8d78-02446f06812e,Hurghada,Submarine Tours,1843,921,3,Mid Range
110005,Marsa Alam: Royal Seascope Submarine Cruise with Pickup,4.3,https://www.getyourguide.com/marsa-alam-l422/royal-seascope-submarine-marsa-alam-port-ghalib-t457975/?ranking_uuid=3da7838c-97dd-4304-8d78-02446f06812e,Marsa Alam,Submarine Tours,2633,2422,9,Mid Range
110006,Hurghada: Paradise Island w/ Snorkeling & Opt Semi-Submarine,4.7,https://www.getyourguide.com/hurghada-l403/hurghada-paradise-island-w-opt-snorkeling-semi-submarine-t741084/?ranking_uuid=3da7838c-97dd-4304-8d78-02446f06812e,Hurghada,Submarine Tours,1843,921,3,Mid Range
110007,Sharm El-Sheikh: Royal Seascope Submarine Cruise with Pickup,3.9,https://www.getyourguide.com/sharm-el-sheikh-l408/royal-seascope-submarine-sharm-t457959/?ranking_uuid=3da7838c-97dd-4304-8d78-02446f06812e,Sharm El Sheikh,Submarine Tours,2896,2317,2,Mid Range
110008,Hurghada: Empire Submarine Boat Trip with Snorkel and Drinks,3.4,https://www.getyourguide.com/hurghada-l403/hurghada-empire-submarine-boat-trip-with-snorkel-and-drinks-t246912/?ranking_uuid=3da7838c-97dd-4304-8d78-02446f06812e,Hurghada,Submarine Tours,1086,814,3,Mid Range
110009,From El Gouna: Royal Seascope Submarine with Snorkel Stop,4,https://www.getyourguide.com/el-gouna-l1051/from-el-gouna-royal-seascope-submarine-with-snorkeling-t477803/?ranking_uuid=3da7838c-97dd-4304-8d78-02446f06812e,El Gouna,Submarine Tours,1053,895,10,Mid Range
110010,Conquest 2 Hour Semi Submarine with snorkeling from Hurghada,4.4,https://www.getyourguide.com/hurghada-l403/paradise-island-by-conquest-semi-submarine-snorkeling-tour-t465670/?ranking_uuid=3da7838c-97dd-4304-8d78-02446f06812e,Hurghada,Submarine Tours,421,316,3,Economic
110011,Cairo: Ain Sokhna Semi-Submarine with optional Transfer,5,https://www.getyourguide.com/cairo-l92/cairo-ain-sokhna-submarine-with-optional-private-transfer-t466094/?ranking_uuid=3da7838c-97dd-4304-8d78-02446f06812e,Cairo,Submarine Tours,1896,1516,1,Mid Range
110012,Sharm El-Sheikh: Ras Mohammed & White Island Cruise,3.7,https://www.getyourguide.com/sharm-el-sheikh-l408/sharm-el-sheikh-ras-mohammed-white-island-cruise-t654715/?ranking_uuid=3da7838c-97dd-4304-8d78-02446f06812e,Sharm El Sheikh,Submarine Tours,1315,657,2,Mid Range
110013,Dahab: Royal seascope Semi-Submarine Cruise,5,https://www.getyourguide.com/dahab-l884/dahab-royal-seascope-submarine-cruise-t463450/?ranking_uuid=3da7838c-97dd-4304-8d78-02446f06812e,Dahab,Submarine Tours,1843,1751,11,Mid Range
110014,Hurghada: Scenic Submarine Tour with Snorkeling and Transfer,3.7,https://www.getyourguide.com/hurghada-l403/hurghada-scenic-submarine-tour-with-snorkeling-and-transfer-t513680/?ranking_uuid=7780586b-9a56-4059-a210-ccf73f6da2e0,Hurghada,Submarine Tours,1086,923,3,Mid Range
120000,Hurghada or Makadi: Discover the Magic of Dolphin House,4.9,https://www.getyourguide.com/hurghada-l403/hurghada-or-makadi-discover-the-magic-of-dolphin-house-t482952/?ranking_uuid=75cb3a3d-9156-4f8a-ad90-f8735b106db3,Hurghada,Swimming With Dolphins,1715,1320,3,Mid Range
120001,Hurghada: Dolphin World Show with Walruses and Pickup,4.3,https://www.getyourguide.com/hurghada-l403/hurghada-dolphin-world-1-hour-show-with-hotel-pickup-t464043/?ranking_uuid=75cb3a3d-9156-4f8a-ad90-f8735b106db3,Hurghada,Swimming With Dolphins,1143,1143,3,Mid Range
120002,"Giza: Sakkara, Memphis & Dahshur (Pyramid & Felucca Options)",4.8,https://www.getyourguide.com/cairo-l92/giza-sakkara-memphis-dahshur-pyramid-felucca-options-t429991/?ranking_uuid=75cb3a3d-9156-4f8a-ad90-f8735b106db3,Giza,Swimming With Dolphins,1364,682,0,Mid Range
120003,Hurghada: Speedboat Dolphin Watching & Snorkeling with Lunch,4.6,https://www.getyourguide.com/giftun-island-l4513/hurghada-private-speedboat-dolphin-watching-and-snorkeling-t290630/?ranking_uuid=75cb3a3d-9156-4f8a-ad90-f8735b106db3,Hurghada,Swimming With Dolphins,2001,1901,3,Mid Range
120004,Hurghada: Dolphin Watching & Snorkeling Adventure with Lunch,4.6,https://www.getyourguide.com/hurghada-l403/hurghada-dolphin-watching-snorkeling-adventure-with-lunch-t830640/?ranking_uuid=75cb3a3d-9156-4f8a-ad90-f8735b106db3,Hurghada,Swimming With Dolphins,1315,986,3,Mid Range
120005,"Hurghada: Dolphin House Discovery Cruise, Snorkeling & Lunch",4.3,https://www.getyourguide.com/hurghada-l403/hurghada-dolphin-house-discovery-cruise-snorkeling-lunch-t204943/?ranking_uuid=75cb3a3d-9156-4f8a-ad90-f8735b106db3,Hurghada,Swimming With Dolphins,1023,511,3,Mid Range
120006,"Giza: Pyramid, Memphis, Sakkara W/Opt Dahshur & Felucca Tour",4.7,https://www.getyourguide.com/cairo-l92/giza-pyramid-memphis-sakkara-wopt-dahshur-felucca-tour-t540882/?ranking_uuid=75cb3a3d-9156-4f8a-ad90-f8735b106db3,Giza,Swimming With Dolphins,1023,511,0,Mid Range
120007,Cairo: Dinner Cruise on the Nile River,4.2,https://www.getyourguide.com/cairo-l92/cairo-dinner-cruise-on-the-nile-river-t11785/?ranking_uuid=75cb3a3d-9156-4f8a-ad90-f8735b106db3,Cairo,Swimming With Dolphins,682,341,1,Economic
120008,Hurghada: Orange Bay & Snorkeling Adventure Experience,4.8,https://www.getyourguide.com/hurghada-l403/hurghada-orange-bay-snorkeling-adventure-experience-t792870/?ranking_uuid=75cb3a3d-9156-4f8a-ad90-f8735b106db3,Hurghada,Swimming With Dolphins,743,557,3,Mid Range
120009,Cairo: Salah El Din Citadel and Old Cairo Bazar Guided Tour,4.9,https://www.getyourguide.com/cairo-l92/cairo-salah-el-din-citadel-and-old-cairo-bazaar-guided-tour-t430009/?ranking_uuid=75cb3a3d-9156-4f8a-ad90-f8735b106db3,Cairo,Swimming With Dolphins,1637,1064,1,Mid Range
120010,Cairo: 1 or 2-Hour Felucca Ride on the Nile with Transfers,3.7,https://www.getyourguide.com/cairo-l92/cairo-2-hour-felucca-ride-on-the-nile-t47746/?ranking_uuid=75cb3a3d-9156-4f8a-ad90-f8735b106db3,Cairo,Swimming With Dolphins,1023,767,1,Mid Range
120011,Cairo/Giza: Egyptian Museum and Khan el-Khalili Guided Tour,4.7,https://www.getyourguide.com/cairo-l92/cairo-egyptian-museum-and-old-cairo-bazaar-guided-tour-t430007/?ranking_uuid=75cb3a3d-9156-4f8a-ad90-f8735b106db3,Giza,Swimming With Dolphins,1500,975,0,Mid Range
120012,"Private Dolphin Trip, with Red Sea Fun The Best in Hurghada",4.8,https://www.getyourguide.com/hurghada-l403/private-dolphin-trip-with-red-sea-fun-the-best-in-hurghada-t442607/?ranking_uuid=75cb3a3d-9156-4f8a-ad90-f8735b106db3,Hurghada,Swimming With Dolphins,2286,2286,3,Mid Range
120013,"Cairo/Giza: Guided Pyramids, Sphinx and Egyptian Museum Tour",4.7,https://www.getyourguide.com/cairo-l92/cairo-guided-pyramids-and-egyptian-museum-tour-with-tickets-t429987/?ranking_uuid=75cb3a3d-9156-4f8a-ad90-f8735b106db3,Giza,Swimming With Dolphins,1364,682,0,Mid Range
120014,"Hurghada: Dolphin Watching Cruise, Snorkeling & Lunch",4.6,https://www.getyourguide.com/hurghada-l403/hurghada-dolphin-watching-cruise-snorkeling-lunch-t485051/?ranking_uuid=75cb3a3d-9156-4f8a-ad90-f8735b106db3,Hurghada,Swimming With Dolphins,1257,880,3,Mid Range
120015,"Cairo/Giza: Pyramids, Memphis, and Sakkara Day Tour",4.6,https://www.getyourguide.com/cairo-l92/cairogiza-pyramids-memphis-and-sakkara-day-tour-t11726/?ranking_uuid=75cb3a3d-9156-4f8a-ad90-f8735b106db3,Giza,Swimming With Dolphins,3410,1705,0,Mid Range
120016,From Hurghada: Scuba Diving with Expert Guide & 2 Dives,4.3,https://www.getyourguide.com/hurghada-l403/from-hurghada-scuba-diving-with-expert-guide-2-dives-t447949/?ranking_uuid=592d9002-c1f1-4a98-aa6e-8c80586c66d7,Hurghada,Swimming With Dolphins,4634,4634,3,Luxury
120017,Cairo: Ain Sokhna Snorkeling cruise & optional transfer,5,https://www.getyourguide.com/cairo-l92/cairo-ain-sokhna-snorkeling-cruise-optional-transfer-t656915/?ranking_uuid=592d9002-c1f1-4a98-aa6e-8c80586c66d7,Cairo,Swimming With Dolphins,2896,2752,1,Mid Range
120018,Cairo: Sunset Felucca Ride and Food Tour With Private Guide,4.1,https://www.getyourguide.com/cairo-l92/cairo-sunset-felucca-ride-and-food-tour-with-private-guide-t601791/?ranking_uuid=592d9002-c1f1-4a98-aa6e-8c80586c66d7,Cairo,Swimming With Dolphins,4092,3069,1,Luxury
120019,Hurghada: Magawish Island Boat Trip with Lunch & Transfers,5,https://www.getyourguide.com/jeddah-l99843/hurghada-magawish-island-boat-trip-with-lunch-transfers-t611893/?ranking_uuid=592d9002-c1f1-4a98-aa6e-8c80586c66d7,Hurghada,Swimming With Dolphins,1715,1029,3,Mid Range
120020,Cairo: Cairo Tower Tour with Hotel Pickup and Drop-Off,4.1,https://www.getyourguide.com/cairo-l92/cairo-cairo-tower-tour-with-hotel-pickup-and-drop-off-t430053/?ranking_uuid=592d9002-c1f1-4a98-aa6e-8c80586c66d7,Cairo,Swimming With Dolphins,2728,1773,1,Mid Range
120021,Half-Day Cairo Sightseeing Tour to Pyramids of Giza & Sphinx,4.2,https://www.getyourguide.com/pyramids-of-giza-l4184/cairo-half-day-sightseeing-tour-to-pyramids-of-giza-sphinx-t11778/?ranking_uuid=592d9002-c1f1-4a98-aa6e-8c80586c66d7,Giza,Swimming With Dolphins,2387,1193,0,Mid Range
120022,Cairo: Tour of Azhar Masjid and Cairo Islamic Sites,4.3,https://www.getyourguide.com/cairo-l92/cairo-tour-of-azhar-masjid-and-cairo-islamic-sites-t430028/?ranking_uuid=592d9002-c1f1-4a98-aa6e-8c80586c66d7,Cairo,Swimming With Dolphins,4092,2046,1,Mid Range
120023,"Hurghada: Orange Bay & Giftun Island, Snorkeling With Lunch",4.7,https://www.getyourguide.com/hurghada-l403/hurghada-orange-bay-giftun-island-snorkeling-with-lunch-t194408/?ranking_uuid=592d9002-c1f1-4a98-aa6e-8c80586c66d7,Hurghada,Swimming With Dolphins,1296,648,3,Mid Range
120024,"Cairo: 2-Day Pyramid, Museum, Bazaar Private Tour",4.5,https://www.getyourguide.com/cairo-l92/cairo-2-day-highlights-guided-tour-t278662/?ranking_uuid=592d9002-c1f1-4a98-aa6e-8c80586c66d7,Cairo,Swimming With Dolphins,4092,2046,1,Mid Range
120025,Cairo: Private Pharaonic Village Tour With Tansfer and Lunch,4.5,https://www.getyourguide.com/cairo-l92/cairo-private-pharaonic-village-tour-with-tansfer-and-lunch-t601301/?ranking_uuid=592d9002-c1f1-4a98-aa6e-8c80586c66d7,Cairo,Swimming With Dolphins,2387,1551,1,Mid Range
120027,"Hurghada: 4 Days Tour Horse, Camel, Spa, ATV, Jeep & Dolphin",4.3,https://www.getyourguide.com/makadi-bay-l4675/hurghada-4-days-tour-horse-camel-spa-atv-jeep-dolphin-t541097/?ranking_uuid=592d9002-c1f1-4a98-aa6e-8c80586c66d7,Hurghada,Swimming With Dolphins,12278,9208,3,Luxury
120028,From Cairo: Guided 4 Day Cairo & Red Sea Tour with Transfer,4.5,https://www.getyourguide.com/cairo-l92/4-day-cairo-and-red-sea-t455876/?ranking_uuid=592d9002-c1f1-4a98-aa6e-8c80586c66d7,Cairo,Swimming With Dolphins,61622,61622,1,Luxury
